item_sno,material_no
smzZXruPnxC9LTrBhaI3e,10
smzZXruPnxC9LTrBhaI3e,11
smzZXruPnxC9LTrBhaI3e,1
sBm5SwD65I9LExk9xwhdM,1
sjWnyuy2Be4FsBIxrkj3S,11
sjWnyuy2Be4FsBIxrkj3S,1
sjWnyuy2Be4FsBIxrkj3S,6
sWhF8RglSOaWBZJfjj3NR,11
sWhF8RglSOaWBZJfjj3NR,1
sWhF8RglSOaWBZJfjj3NR,17
sYgaKpAcvCvlNTk9M1ej9,11
sYgaKpAcvCvlNTk9M1ej9,1
sYgaKpAcvCvlNTk9M1ej9,6
sDHtBercZICqDPpEujQQf,11
sDHtBercZICqDPpEujQQf,1
sDHtBercZICqDPpEujQQf,12
s431eN8Mcb8JeDxzJAF68,1
sxFjfvYn4s2v4Fik2ThWH,10
sxFjfvYn4s2v4Fik2ThWH,11
sxFjfvYn4s2v4Fik2ThWH,2
sKMkd8i80Y5OsCmYPrcTU,10
sKMkd8i80Y5OsCmYPrcTU,11
sKMkd8i80Y5OsCmYPrcTU,1
swMhf7lQeRIXTAfaoE8co,18
s1QzeJG4fUqZ7uxFI9DRO,10
s59XPS7JxwHlLIsAD6YNm,11
s59XPS7JxwHlLIsAD6YNm,1
s59XPS7JxwHlLIsAD6YNm,6
sTzBSvbK5od0wFPD1vL7N,15
sTzBSvbK5od0wFPD1vL7N,11
sTzBSvbK5od0wFPD1vL7N,1
srjKOd51KyaPyvbA0MaMq,10
srjKOd51KyaPyvbA0MaMq,11
srjKOd51KyaPyvbA0MaMq,1
skg4ex1Pltg3T029K6PUq,11
skg4ex1Pltg3T029K6PUq,1
skg4ex1Pltg3T029K6PUq,6
sCJbEjMK2E8HU3sfxrlsi,3
sjUMeHLxp2moASumZ7Vxa,10
sjUMeHLxp2moASumZ7Vxa,11
sjUMeHLxp2moASumZ7Vxa,1
skGPr0fRxsaLxTpzOBHVh,3
ssyCyeHQUUaQkClomvgN7,11
ssyCyeHQUUaQkClomvgN7,1
s7Eq7rEVjm8y56wg8tgzk,11
s7Eq7rEVjm8y56wg8tgzk,1
s3jppwq2wGzGdxLMEiMOB,8
sGcPFzx56jTHBWMbNRlUb,9
sGcPFzx56jTHBWMbNRlUb,18
sGcPFzx56jTHBWMbNRlUb,8
s5JdZv9Soz6WhjTlz8Amb,10
s5JdZv9Soz6WhjTlz8Amb,11
s5JdZv9Soz6WhjTlz8Amb,1
smXJsulJWaIn6q5bH5oKa,11
smXJsulJWaIn6q5bH5oKa,2
smXJsulJWaIn6q5bH5oKa,4
sBm1MkCjFsuvfSf6Hhw8t,11
svOmdW91epaQPzWOo1K9M,11
sq2jnKhwfx5SiwTckkDbW,10
sJW5eTOdjyHmRYqYFzJUV,10
sYkOrGqYIv71S471zo0yG,5
sYkOrGqYIv71S471zo0yG,12
sYkOrGqYIv71S471zo0yG,18
sex9B07gDSN8VHWHz3gkn,6
sex9B07gDSN8VHWHz3gkn,9
sex9B07gDSN8VHWHz3gkn,4
sbuziwOM2WwR62WP4lltH,10
sbuziwOM2WwR62WP4lltH,17
s1UuWWKs55R7pqBfVnrg5,9
s1UuWWKs55R7pqBfVnrg5,8
sBl3K2No80TjKDO4z23fb,1
sG79mOqEr7kaduFede4B5,10
sHKbwKnmHmHUdzJWbpLve,11
sXYntVPavQVWDvAFNLCKh,1
suspaGF1EYqcuxfDpZFA9,11
suspaGF1EYqcuxfDpZFA9,6
sf40qJ6K3BVJg62XEy0pQ,10
sf40qJ6K3BVJg62XEy0pQ,11
sf40qJ6K3BVJg62XEy0pQ,1
sC5yI6RrqW2xjcWCzLV4X,9
sC5yI6RrqW2xjcWCzLV4X,12
sC5yI6RrqW2xjcWCzLV4X,18
siYfvgrVZbkJbO1AiBiUu,10
siYfvgrVZbkJbO1AiBiUu,11
siYfvgrVZbkJbO1AiBiUu,6
sRoX6J9GRp1233xAPsRKF,11
sVR4HIIIU7VG7zC1xjCGI,10
sVR4HIIIU7VG7zC1xjCGI,2
sVR4HIIIU7VG7zC1xjCGI,17
s07dPUgvRaaiV5eGyOFna,11
s07dPUgvRaaiV5eGyOFna,2
s07dPUgvRaaiV5eGyOFna,18
svioaDPrWfCaIs3yFaKn7,1
sxneJ607VlTDeIKuzXNfv,9
sNnrikYWnEk0nFFZUfUjq,1
sKu1cwClhA1vOdMnc0hwD,11
sKu1cwClhA1vOdMnc0hwD,9
sKu1cwClhA1vOdMnc0hwD,18
siNpRFXaujlEMzFz56cVw,17
s9qfq86TO52oRw2WLtrgU,10
s9qfq86TO52oRw2WLtrgU,15
s9qfq86TO52oRw2WLtrgU,11
s9qfq86TO52oRw2WLtrgU,1
s9qfq86TO52oRw2WLtrgU,5
s9qfq86TO52oRw2WLtrgU,6
s9qfq86TO52oRw2WLtrgU,12
s9qfq86TO52oRw2WLtrgU,2
s9qfq86TO52oRw2WLtrgU,17
sUBupIXoozCBzyq6E4XUB,10
sUBupIXoozCBzyq6E4XUB,1
sUBupIXoozCBzyq6E4XUB,2
soRicqtXsEqjqVqUEYnng,10
sRj2JGBUqn8fUV5uQq8TH,1
siBt1Wqz2UJrRMFgCfxGo,10
siBt1Wqz2UJrRMFgCfxGo,11
siBt1Wqz2UJrRMFgCfxGo,1
skcrRcNa3sTv1g1uZykFc,11
skcrRcNa3sTv1g1uZykFc,17
s4xRPIlytnHXMTaQfy9K0,8
sl9Pv30f8oNSJm9V73reU,6
sl9Pv30f8oNSJm9V73reU,9
sl9Pv30f8oNSJm9V73reU,12
s8sdsj9xaJdDkOdhnp1yN,10
sza3eVBLDB5IDP5epgein,18
sBCwmiOPhQ2ou2SdZ3Ahw,5
sBCwmiOPhQ2ou2SdZ3Ahw,12
sBCwmiOPhQ2ou2SdZ3Ahw,18
s8UAgS1xzL7RIjZOXIQHS,11
s8UAgS1xzL7RIjZOXIQHS,12
sFIzDUPcy2WMEs9cIf9vp,12
sdcJesuxl4bsr0shWLMOQ,11
s8hZ7ktN2cu3ZIqmVCAb6,10
s8hZ7ktN2cu3ZIqmVCAb6,15
s8hZ7ktN2cu3ZIqmVCAb6,1
s3h4ZuJt2cROPTgBwSAQi,5
s3h4ZuJt2cROPTgBwSAQi,12
s3h4ZuJt2cROPTgBwSAQi,18
s6uU225xRbM3W9yTkKf4u,12
sX4O0SIxc4uYOXqFbsdCa,1
sDiEW8dU4mGptevMKqY50,15
s91HLANdtDqAGk6pSwWKq,10
s91HLANdtDqAGk6pSwWKq,11
s91HLANdtDqAGk6pSwWKq,1
sIZRK6AgJ34xO8DAWQ971,15
sIZRK6AgJ34xO8DAWQ971,11
sIZRK6AgJ34xO8DAWQ971,1
sLa8lpeBE9xXTvVrMEzjf,11
sLa8lpeBE9xXTvVrMEzjf,18
sLa8lpeBE9xXTvVrMEzjf,8
stx9Hv2Kzc9Qq7leZocMC,5
stx9Hv2Kzc9Qq7leZocMC,12
stx9Hv2Kzc9Qq7leZocMC,18
sk0XASopTRHQEIhcRq7Eo,10
ssKjXvGKgkbbL8pZrcnN4,10
ssKjXvGKgkbbL8pZrcnN4,1
ssKjXvGKgkbbL8pZrcnN4,2
s8cJKRXE9iri5GLJZsxvH,1
s8cJKRXE9iri5GLJZsxvH,12
s8cJKRXE9iri5GLJZsxvH,4
sbqteQQsNBGVbCZigCuXm,10
sbqteQQsNBGVbCZigCuXm,1
sbqteQQsNBGVbCZigCuXm,2
sF2EGDhLdEAhXivnnqS1w,11
sF2EGDhLdEAhXivnnqS1w,1
sF2EGDhLdEAhXivnnqS1w,2
sfk2fT5EGaGhWj3QhD4s7,5
sfk2fT5EGaGhWj3QhD4s7,12
sfk2fT5EGaGhWj3QhD4s7,18
s5DzpZed2fXdm0wsXZKOd,11
s5DzpZed2fXdm0wsXZKOd,9
s5DzpZed2fXdm0wsXZKOd,4
sl1nTo4pWhqGbNH21hArM,8
sD0an2Z9C1PatKSNMuZAf,11
sD0an2Z9C1PatKSNMuZAf,1
sD0an2Z9C1PatKSNMuZAf,12
sVSl6AWeiiTdxsAaaPctQ,11
sDfacf09UJooVUaptDpfM,11
sDfacf09UJooVUaptDpfM,12
sRXJEvvcL1soyUYH9f7io,6
sZ4G013RA7WMl7H2cmQ1b,11
sSgCdZ3B3OCFraR8XodPo,6
sSgCdZ3B3OCFraR8XodPo,9
sSgCdZ3B3OCFraR8XodPo,8
su4cfWESn8DcpdFEMv1X7,18
sep6ag9RDXr534Lw6QlxK,10
sKHba96E9Dl65ZhCnAnX6,10
sKHba96E9Dl65ZhCnAnX6,12
sKHba96E9Dl65ZhCnAnX6,17
sQdhT9HPEBBNE7PUn2fKA,18
s4uKXEnesBlDg5sCAa1wL,8
seydiUmWPk6F8yci3lmgg,10
seydiUmWPk6F8yci3lmgg,1
seydiUmWPk6F8yci3lmgg,2
sexGYXW9Lm4nAHPnItj9D,12
sXsHMZHN9cwuvZ2MTJIGH,11
sXsHMZHN9cwuvZ2MTJIGH,2
sXsHMZHN9cwuvZ2MTJIGH,17
stsAhm4SQPjG6ZZlKd1qb,5
stsAhm4SQPjG6ZZlKd1qb,12
stsAhm4SQPjG6ZZlKd1qb,18
sFjpTQzwF7wOwjFbzAvGj,8
sfxS5ZAhsqtuYelJeYxIK,10
sm2LwfSZTfmqNcYXCmDuS,10
sm2LwfSZTfmqNcYXCmDuS,1
sm2LwfSZTfmqNcYXCmDuS,6
se01HgdPpN7g9rIq3Vg98,11
sL08ayXeWz6JWSR6qZn2O,8
s5CCctpjeGCtMrTWT1e9y,6
s5CCctpjeGCtMrTWT1e9y,17
sytQJyDuEWtIx9yeMsthM,10
s6g01MacK0sElcPdmoIbB,11
s6g01MacK0sElcPdmoIbB,1
s6g01MacK0sElcPdmoIbB,6
sY6xRZi08CsUhT0Dl5k2Z,2
sY6xRZi08CsUhT0Dl5k2Z,8
sICjFyNnZCl5X8JE1DJ4I,11
sHRtGlbE57EPfwZcUylKM,11
sHRtGlbE57EPfwZcUylKM,1
sHRtGlbE57EPfwZcUylKM,7
sbRaHrtzAZaBVG0lD4MVb,11
sbRaHrtzAZaBVG0lD4MVb,6
sbRaHrtzAZaBVG0lD4MVb,8
s98d5bBozHOVRmhTzXz1g,10
skZ5i5SdyIS7UafJaf79t,10
skZ5i5SdyIS7UafJaf79t,1
skZ5i5SdyIS7UafJaf79t,6
sRfybrcNOHkhBkG3Gp4IC,1
sRfybrcNOHkhBkG3Gp4IC,13
sRfybrcNOHkhBkG3Gp4IC,2
sRh3FueZpd2i9OncErKUH,10
sRh3FueZpd2i9OncErKUH,11
sRh3FueZpd2i9OncErKUH,1
s67slyZKOAjj3ExdkKI00,11
s67slyZKOAjj3ExdkKI00,16
s67slyZKOAjj3ExdkKI00,8
slJKD2ybaOdCdZbxozMkv,10
slJKD2ybaOdCdZbxozMkv,1
slJKD2ybaOdCdZbxozMkv,2
sXqrzpVIIV3g9YqGZ74Gn,11
stmumilahqUb38ww4nGo3,11
stmumilahqUb38ww4nGo3,9
stmumilahqUb38ww4nGo3,17
sgA75WUGKjvJGlOOVxxqk,11
sgA75WUGKjvJGlOOVxxqk,1
sgA75WUGKjvJGlOOVxxqk,3
sI2Fv9qLfe5oXcF6sliT3,1
sI2Fv9qLfe5oXcF6sliT3,6
srWh35XrlEO8i8UMUQ8xj,12
srWh35XrlEO8i8UMUQ8xj,18
srWh35XrlEO8i8UMUQ8xj,8
sYuBf39OSyIdGy8ASEcwP,6
sYuBf39OSyIdGy8ASEcwP,9
sYuBf39OSyIdGy8ASEcwP,2
sYuBf39OSyIdGy8ASEcwP,4
slHdO032ZZoZnfTi1UKKY,10
slHdO032ZZoZnfTi1UKKY,9
s16VXvKlNBJyoZ0ghmEAC,12
sDUraJijBLb2p81eND496,11
sDUraJijBLb2p81eND496,9
sDUraJijBLb2p81eND496,18
sk1jVr1zvzrMiQhotTSvV,1
sX0kKYCBadM1BIgPqhnEH,6
sTVuDQWFhaHYvB2V9ET9d,11
sTVuDQWFhaHYvB2V9ET9d,9
sTVuDQWFhaHYvB2V9ET9d,2
s4pprWlr7mBpmLx8yURiW,12
s4pprWlr7mBpmLx8yURiW,17
s4pprWlr7mBpmLx8yURiW,8
sQbj9f25Su5nNWqiPbZ6p,15
sQbj9f25Su5nNWqiPbZ6p,11
sQbj9f25Su5nNWqiPbZ6p,7
sgttD28tQCSY7NC34pp3Z,1
sQdL7TdkyVg5ADPaZt9VF,6
srSBItiWPXjGSCJsgUtPY,10
srSBItiWPXjGSCJsgUtPY,1
srSBItiWPXjGSCJsgUtPY,2
sdncsytbUeaddBpm2Hcde,10
sdncsytbUeaddBpm2Hcde,11
sdncsytbUeaddBpm2Hcde,3
sQeRP5GX1wOGFdjgCLbx8,11
svkWaM5pH4K0hqBF79bBN,4
svkWaM5pH4K0hqBF79bBN,8
sAQdbQy1gUtuFqXGcnZK8,11
sAQdbQy1gUtuFqXGcnZK8,1
sAQdbQy1gUtuFqXGcnZK8,6
sWSV0IsvkUKyGTR19Xm0U,11
sdVfZ9NYlT7S34Zfhfoyf,11
sdVfZ9NYlT7S34Zfhfoyf,1
spCBceo9JPd3kKWtHpyqY,10
sx3v3BWOrjIuziXvdlGyo,11
sx3v3BWOrjIuziXvdlGyo,1
sx3v3BWOrjIuziXvdlGyo,2
sh6eFS2IDJPzyNdTsk6yk,11
sLLngI95U9Xey8X5kCwSE,6
sLLngI95U9Xey8X5kCwSE,9
strD7wwJOZJzwxLqa11S9,8
s5Z3OITaIlUMSZQB3h3iH,1
sG8BXrIJ1XRy3rcnUKazP,1
sG8BXrIJ1XRy3rcnUKazP,18
sx4qwnFFMiF08yjULBAUp,1
sx4qwnFFMiF08yjULBAUp,6
sRjU902GIjpWo5k3LvJhf,10
saGjjimUqFqqVzWEOXtDX,11
saGjjimUqFqqVzWEOXtDX,1
saGjjimUqFqqVzWEOXtDX,6
sIgh572bOHo4aRXyOe7eC,11
sIgh572bOHo4aRXyOe7eC,1
sIgh572bOHo4aRXyOe7eC,8
sn8xC9bLjpxZeuwnAPH8N,10
sn8xC9bLjpxZeuwnAPH8N,15
sn8xC9bLjpxZeuwnAPH8N,11
sbiPzisB2RuKGGxPMJmCj,11
sbiPzisB2RuKGGxPMJmCj,1
sbiPzisB2RuKGGxPMJmCj,2
stzmde198HeplNEeoTNWZ,9
stzmde198HeplNEeoTNWZ,17
stzmde198HeplNEeoTNWZ,8
s8yfHSUQgPhmUckjiisy0,11
s8yfHSUQgPhmUckjiisy0,1
s8yfHSUQgPhmUckjiisy0,6
sLEnSsR0X7ZGVSpRd24EQ,11
sLEnSsR0X7ZGVSpRd24EQ,1
sLEnSsR0X7ZGVSpRd24EQ,12
snDsvVDidxMyjTRLPsV56,11
snDsvVDidxMyjTRLPsV56,1
snDsvVDidxMyjTRLPsV56,7
sdRMgJFwfNEDdN9OgGizC,10
s0UFTZO33Hbvo2sDaab0z,1
s0UFTZO33Hbvo2sDaab0z,8
snpQyJWNvLjsU8vJEmfqK,8
sJraClss2YSj72tz1KZuO,9
sJP3bjYrTqFM48X8KD3WH,2
sQFVEseWnTC6ob36v5Pz3,1
s0hfieToEaO96HP99xqxc,11
s0hfieToEaO96HP99xqxc,1
s0hfieToEaO96HP99xqxc,6
syOPSQ0SMGpROvZ4ESrTa,1
sw9bT2XZh2FXAODEw1nO5,11
sw9bT2XZh2FXAODEw1nO5,1
sw9bT2XZh2FXAODEw1nO5,6
sToOpy4JKC5CmWDgEzxMD,6
sFW7k7ldP3VNKOj9Mj20q,6
s82L2KTh3CTrGoChwvXVp,18
sIIha26NRl3CUrUewvb7m,11
sIIha26NRl3CUrUewvb7m,1
sIIha26NRl3CUrUewvb7m,6
sYRNms18K02laeMHsbqQF,11
sctMlNrd8X5YriviHgRGc,11
sctMlNrd8X5YriviHgRGc,8
s1Z1KE0kUqby04AS9O8MJ,10
s1Z1KE0kUqby04AS9O8MJ,15
sNO06YKtMwV5vaKG3xynp,11
sNO06YKtMwV5vaKG3xynp,18
sNO06YKtMwV5vaKG3xynp,8
sNSqieJQXq4KPASHjg35c,18
sRoJKuk0W67lSahB0Ohju,18
shee5zUgZQdyWzqBjj4Zk,9
shee5zUgZQdyWzqBjj4Zk,8
sKCSZR5nIs4MKzmSRPs2a,10
sKCSZR5nIs4MKzmSRPs2a,1
sKCSZR5nIs4MKzmSRPs2a,2
smtAnRYSrT7cts4HcpClD,1
smtAnRYSrT7cts4HcpClD,8
sQFu48IdzgStcsXwtE5ge,10
sQFu48IdzgStcsXwtE5ge,11
sQFu48IdzgStcsXwtE5ge,1
sQ1wOXsHsstjiTlfFY5uj,6
sQ1wOXsHsstjiTlfFY5uj,9
sMy3mCIyclc7RO1kl7s4H,1
sv0YIxBHeDdbtFr1vpafK,10
sv0YIxBHeDdbtFr1vpafK,11
sv0YIxBHeDdbtFr1vpafK,1
swZRfaXkEdMda5ZF9rOSn,11
swZRfaXkEdMda5ZF9rOSn,2
s6eQcYeI2Eci2slkCHyVL,1
sAOqVAo9glSeKAB4MlI69,10
s1tXAKH5ut8Jd93Yc8bYj,6
swik7tda09pl13he3QTwp,11
swik7tda09pl13he3QTwp,1
swik7tda09pl13he3QTwp,9
sg9UdVf3lXyXAbt64w8sG,3
sMO4W6nXSxXLgqCeK5gLt,1
sMO4W6nXSxXLgqCeK5gLt,3
sMO4W6nXSxXLgqCeK5gLt,2
s5BIicsT6rpTobiqEPHLA,5
s5BIicsT6rpTobiqEPHLA,9
s5BIicsT6rpTobiqEPHLA,2
sKyyLh2Tq6te5hF8WoPY2,1
sKyyLh2Tq6te5hF8WoPY2,2
sKyyLh2Tq6te5hF8WoPY2,17
sKyyLh2Tq6te5hF8WoPY2,16
sKyyLh2Tq6te5hF8WoPY2,18
sjZZAGDOvFtqGA9fsXvvI,11
ssf4JGLeaeiYq119csHMS,8
swenoLCIzWiU2rHUJmV9S,11
sRcG5cred7ndovfTeBAoc,2
sRcG5cred7ndovfTeBAoc,8
ssIsytfhrXeJHZhClGKXI,11
ssIsytfhrXeJHZhClGKXI,6
ssIsytfhrXeJHZhClGKXI,17
sLwlOEAUVnHgnWCsJhIpA,11
shiCx9m4GAzQ66GMb9upI,8
sjjE14xxe6hAno26Yc19r,11
skC4HNW7HXDAzo2jlCRzb,11
skC4HNW7HXDAzo2jlCRzb,1
skC4HNW7HXDAzo2jlCRzb,7
sZNXQyYIK364krBdLcbTt,11
sXfgweaVF6nm8Nsrv6knk,18
sXfgweaVF6nm8Nsrv6knk,8
sUOY43YprZ88ECaAOOqgQ,8
s4mcEktabI307W6EBcBVx,15
s4mcEktabI307W6EBcBVx,11
s4mcEktabI307W6EBcBVx,1
sx1wzStSGFfB7KqNPRhN3,11
sWM4Xy565ErFV30O0zNKu,10
sWM4Xy565ErFV30O0zNKu,11
sWM4Xy565ErFV30O0zNKu,1
szHlByUOODzISamFM7RT1,15
szHlByUOODzISamFM7RT1,3
szHlByUOODzISamFM7RT1,7
sLGveiLXfuevxH90NzsRp,10
sLGveiLXfuevxH90NzsRp,11
sLGveiLXfuevxH90NzsRp,7
soXr955vG7JwYsIbK1f4z,11
srDuEmyNoi14ppYdwH11Q,11
srDuEmyNoi14ppYdwH11Q,1
srDuEmyNoi14ppYdwH11Q,12
sG4xho7dpTuvUs1PtfQNQ,10
sG4xho7dpTuvUs1PtfQNQ,11
sG4xho7dpTuvUs1PtfQNQ,1
sN6wFgdBrWtwNwEM7aml8,10
sN6wFgdBrWtwNwEM7aml8,11
sN6wFgdBrWtwNwEM7aml8,12
si0bxirANxAFNscnGsfi8,1
sIrd13jH2FocCi5qoGdsI,18
sGkTXvJtJBK8UBm9FpGEa,8
sw9kKywumdda5nCd53CB8,18
svKSgQutoh3Sfa5JqlQHe,11
sntbafFh3tzm5kg0dz1HT,1
sntbafFh3tzm5kg0dz1HT,8
sDWzfVoA35FxGIEUPJQqJ,1
sLTfOx7QqieBlyQF2mlLf,11
sbiYWglcyZYxuCWEyrd5E,1
sbiYWglcyZYxuCWEyrd5E,3
sbiYWglcyZYxuCWEyrd5E,2
sYJ6kC1e5bUuf6rPQ6ASI,1
s4IQIRarQ0w6SOOpwP4HW,11
s4IQIRarQ0w6SOOpwP4HW,7
s4IQIRarQ0w6SOOpwP4HW,6
sKTuUuwidwOT0KXHvMdcN,10
sKKlxDJSj8IOB2uMMCNH3,1
smO3lzHFUv76SoJq6ejRb,11
sbTSV3PvLGXgBDxbNMnQJ,1
sWZsCozMSY5NwVhOXl0H5,10
sWZsCozMSY5NwVhOXl0H5,1
sWZsCozMSY5NwVhOXl0H5,3
sdcCwRFNn5PzTjyoujLg4,10
scCJdtocn28XS6C8in7h0,1
st3e9lsZfZJNhVLdLi1UJ,11
st3e9lsZfZJNhVLdLi1UJ,6
sRSyY91blEL3rkDZWi1aE,9
sRSyY91blEL3rkDZWi1aE,17
szjL8nc4tKjDBDVrho3ai,12
szjL8nc4tKjDBDVrho3ai,18
sqxc9PdIf7Ide3axYaVLM,11
sqxc9PdIf7Ide3axYaVLM,9
sqxc9PdIf7Ide3axYaVLM,2
sLKzewt65NzAAkArqGN3T,10
sLKzewt65NzAAkArqGN3T,11
sLKzewt65NzAAkArqGN3T,1
su8W13hN6WrzTTKO6dhBm,10
su8W13hN6WrzTTKO6dhBm,4
su8W13hN6WrzTTKO6dhBm,8
sUxvH6BbZS2AzUzAdlTzh,10
sUxvH6BbZS2AzUzAdlTzh,11
sUxvH6BbZS2AzUzAdlTzh,8
svqPDtpzb0DHrNQZoVXCP,18
sGKswC7rDo1LFETEjb5CV,1
sJRApl5wPESMK3qQS47Gc,4
sK6z07ugLg7oCsTbRcHdJ,10
sK6z07ugLg7oCsTbRcHdJ,1
sK6z07ugLg7oCsTbRcHdJ,2
szVExFqBRaDIYFVvGtAqu,1
sTRThgErjsyAjsOR1MJRs,10
sbHJtZtMt9n0xtHJmuP09,1
sbHJtZtMt9n0xtHJmuP09,2
s3pSADYWZ19sWafvaPZE3,1
sjQjIDrIvSSvIml6KJat0,11
sKh3aa7CGQrU9w6Bv6DkE,1
sKh3aa7CGQrU9w6Bv6DkE,6
sKh3aa7CGQrU9w6Bv6DkE,2
snIlTmxBcSJI9q8DaHQCt,6
snIlTmxBcSJI9q8DaHQCt,9
snIlTmxBcSJI9q8DaHQCt,2
snIlTmxBcSJI9q8DaHQCt,17
suz9Dcca9prETB4Oa0mOg,8
sAJPlsCZZKMYmAOOkZu2I,18
scWrL1FDACLKKgOi7x7aa,11
scWrL1FDACLKKgOi7x7aa,6
scWrL1FDACLKKgOi7x7aa,2
sruUqxB7e7xPLFAt8awIn,6
sRw6gcfaxbigJEixxTrcY,11
sRw6gcfaxbigJEixxTrcY,1
sRw6gcfaxbigJEixxTrcY,8
syig3zLPQuVaeD1BR2Wgc,1
sOt92An2nGKXDJPNElkPF,7
s35eUQCb12eg3NqdgxEdc,11
sm6eW733zU21bx5vbw58S,15
sWLmQzbMNiEzFVMfyv16p,12
stR8sTTJARRnVGLY4LUq3,11
stR8sTTJARRnVGLY4LUq3,5
stR8sTTJARRnVGLY4LUq3,18
sr1OSpZtLI9QA2lTKinnG,9
sUYGPOc5r4JdfcFQ17hRt,11
sUYGPOc5r4JdfcFQ17hRt,2
sUYGPOc5r4JdfcFQ17hRt,8
stO1PBQIr3uEf2cVENYhb,15
sNwgEr1SgO3ehGy0gm0pO,10
sNwgEr1SgO3ehGy0gm0pO,15
sNwgEr1SgO3ehGy0gm0pO,1
sLeU57gmSbUlokiBbXzvK,18
sLeU57gmSbUlokiBbXzvK,8
scumG1p9utrR5DTwjsj4Q,11
scumG1p9utrR5DTwjsj4Q,5
scumG1p9utrR5DTwjsj4Q,13
stbPw8UnYbZ7zXkku22LE,11
s5MCrI8hijvkJT5iZZ9Q2,15
s1kAJ58WEMrJnHcFFjiTO,11
snotXVnM232zqzgLWgyY4,10
snotXVnM232zqzgLWgyY4,11
snotXVnM232zqzgLWgyY4,1
s8P3jiir2ao3JbidiIEDK,6
s8P3jiir2ao3JbidiIEDK,2
s8P3jiir2ao3JbidiIEDK,18
sN9OOz6tSpIGhaY9jG9ZO,10
sN9OOz6tSpIGhaY9jG9ZO,1
sN9OOz6tSpIGhaY9jG9ZO,2
soNv0qQxVg3h2gZGxvBh5,6
snsZVVwvZpX9aAzomF8fq,8
szmfFzTEKfnySX6enmoAA,9
szmfFzTEKfnySX6enmoAA,12
szmfFzTEKfnySX6enmoAA,8
sPcaYDcwdRcTIwdeVWeTo,9
sPcaYDcwdRcTIwdeVWeTo,12
sJeVLTUheQMt0OoawAWd6,11
sJeVLTUheQMt0OoawAWd6,5
sJeVLTUheQMt0OoawAWd6,13
s0Cg9gcgztbdeG3zHo9FS,7
sr2xMmixtb67vsphLbGTF,11
sr2xMmixtb67vsphLbGTF,6
sr2xMmixtb67vsphLbGTF,2
s0izcrN5jVXToPGuZ5OoV,10
s0izcrN5jVXToPGuZ5OoV,11
s0izcrN5jVXToPGuZ5OoV,1
sCfYdOeneA1Or1UIPXs7m,1
sCfYdOeneA1Or1UIPXs7m,6
sCfYdOeneA1Or1UIPXs7m,8
smj8n6YiymY7xNuRQLNqH,11
smj8n6YiymY7xNuRQLNqH,1
smj8n6YiymY7xNuRQLNqH,8
sasSLv4yswklgeX9yjQ0P,9
suhlv9qxesrLHRDTfEbbJ,15
s9i0H16J9NsoGbiM5TYQL,11
s5Sckm1NsFG0UDzRMzKdS,15
sDKMth1ygFr5UE1wKnDk7,11
sDKMth1ygFr5UE1wKnDk7,1
sDKMth1ygFr5UE1wKnDk7,2
s7xXrksqeMQgfJidDzD8S,10
s7xXrksqeMQgfJidDzD8S,11
s7xXrksqeMQgfJidDzD8S,18
s9hbY1IUd9mGQhgxJ5lvA,10
s9hbY1IUd9mGQhgxJ5lvA,11
s9hbY1IUd9mGQhgxJ5lvA,2
s1MRSIsFvBpfrhXS8zzqU,9
s1MRSIsFvBpfrhXS8zzqU,18
s1MRSIsFvBpfrhXS8zzqU,8
sB3eNkM2TxegY8sx2X4J4,10
scRTlJ0zVRcdIt8PCnaGl,10
scRTlJ0zVRcdIt8PCnaGl,11
scRTlJ0zVRcdIt8PCnaGl,1
s2BOYPhiTvJWiK9OyCYvZ,3
svp8Drnr9WIGs2ZItM0Zn,11
svp8Drnr9WIGs2ZItM0Zn,12
sguYj1dmd77lNABP9tRFN,6
seCqvVyim5CzWm0nKIM7t,10
seCqvVyim5CzWm0nKIM7t,1
sXuKJpiDbaZ9B0QKZWs4f,6
sXuKJpiDbaZ9B0QKZWs4f,9
sXuKJpiDbaZ9B0QKZWs4f,8
s3NS2cYOfBFXpwBtd5opG,11
s3NS2cYOfBFXpwBtd5opG,1
sbd69BYALk5g3pHYAmN1f,1
sbd69BYALk5g3pHYAmN1f,9
svuu6SXRG45lw2dOl41CH,1
svuu6SXRG45lw2dOl41CH,6
svuu6SXRG45lw2dOl41CH,12
sJFY9K6IlRMjThvww1Ky6,1
sWrYmUGOd9ERJv3Sp2uVm,5
sWrYmUGOd9ERJv3Sp2uVm,9
sWrYmUGOd9ERJv3Sp2uVm,2
s30hGyUfMzyhC3wsvEO85,10
s30hGyUfMzyhC3wsvEO85,15
s30hGyUfMzyhC3wsvEO85,11
sPmpevJxudIIymfat9fQp,15
sPmpevJxudIIymfat9fQp,11
sPmpevJxudIIymfat9fQp,1
stdgTfmB97Ubk9roCf9Bg,1
socIkdhBgltLqDU8ik7Mm,11
socIkdhBgltLqDU8ik7Mm,1
socIkdhBgltLqDU8ik7Mm,6
szqOm7rdPizujHJF9c37P,11
szqOm7rdPizujHJF9c37P,1
szqOm7rdPizujHJF9c37P,3
sQ1IgbRFdcd53zW5Of20B,11
sQ1IgbRFdcd53zW5Of20B,17
sQ1IgbRFdcd53zW5Of20B,8
s8TqpBw1qGhDMunSkq6xv,7
sC3W1VXU6Qut2YcmohmR8,7
sXNxnEDmx9OJyKDFJniUZ,11
sXNxnEDmx9OJyKDFJniUZ,2
sXNxnEDmx9OJyKDFJniUZ,18
sUsbdQXHOUzQiMA0oIx3C,10
sUsbdQXHOUzQiMA0oIx3C,12
sUEiK3DaspxTectE0JoZm,10
sUEiK3DaspxTectE0JoZm,2
sUEiK3DaspxTectE0JoZm,8
sMWytXyMRN8TngX6wqeag,11
sMWytXyMRN8TngX6wqeag,12
sMWytXyMRN8TngX6wqeag,2
sdEzLjrxIQ8IDp9awIjCn,1
sdEzLjrxIQ8IDp9awIjCn,2
sdEzLjrxIQ8IDp9awIjCn,18
sfp6az1u78iXH2yvEZFe3,11
sfp6az1u78iXH2yvEZFe3,1
sfp6az1u78iXH2yvEZFe3,2
sIFhylXpt2m8aCqY8zBHO,12
sIFhylXpt2m8aCqY8zBHO,8
sNfZopf0DebctjEn5Tduc,11
sXJ1APkxg8nouU1TjXhLa,11
sXJ1APkxg8nouU1TjXhLa,1
sXJ1APkxg8nouU1TjXhLa,18
siPIsBoEtR96h5gcoV9np,11
sojgDYpG57mg1G6eTY4kX,1
sojgDYpG57mg1G6eTY4kX,17
sojgDYpG57mg1G6eTY4kX,18
syioYMowUIoIDkgT2gnva,1
s6cbBBBAoqQWPj6csCdol,11
s6cbBBBAoqQWPj6csCdol,1
s6cbBBBAoqQWPj6csCdol,6
s3Y27hhayqnd4QxfR1wvW,11
sUw83bvM5CbtbIGm46HIr,1
sUw83bvM5CbtbIGm46HIr,12
sUw83bvM5CbtbIGm46HIr,8
samGfuw4ypqLBvH7aqzY0,10
sgc3xufAflbJqHf4nsDJ9,10
sgc3xufAflbJqHf4nsDJ9,11
sgc3xufAflbJqHf4nsDJ9,6
sUSY9za7L6RJxlnOQpvo9,11
sUSY9za7L6RJxlnOQpvo9,8
ss9ecp75MnFCJ1mMZ4T91,8
sO7F4IdRvmwJqMCpojYCe,11
sO7F4IdRvmwJqMCpojYCe,1
sO7F4IdRvmwJqMCpojYCe,6
swb8HUJD6eoI5DVA2Tvi0,11
swb8HUJD6eoI5DVA2Tvi0,18
sThrz5t7dHI5SdApgc5oO,10
sThrz5t7dHI5SdApgc5oO,1
sThrz5t7dHI5SdApgc5oO,2
sHGLGn3pBICECZjJSu3wc,11
s5lJFM1TlL8BIT31ITs2S,11
s5lJFM1TlL8BIT31ITs2S,5
s5lJFM1TlL8BIT31ITs2S,9
srZ6dMe9Bq2fPLKbmBdHa,1
srZ6dMe9Bq2fPLKbmBdHa,18
slIhxXZMCwO0hHf7ggVvd,18
stiX6KPFH9gcs4Bx0tIor,8
s2KZQ3tFmJdGe48GIu83h,11
s2KZQ3tFmJdGe48GIu83h,1
s2KZQ3tFmJdGe48GIu83h,6
syhN8o8vKOYezS5esx6rO,8
sQIbZf4dSoDnCuvkr94s2,10
sQIbZf4dSoDnCuvkr94s2,1
sQIbZf4dSoDnCuvkr94s2,2
sUmivDg55fi6jDXrEhdVk,10
sUmivDg55fi6jDXrEhdVk,1
sUmivDg55fi6jDXrEhdVk,3
scWJzVhQuROX828M1r4jq,10
scWJzVhQuROX828M1r4jq,12
simt2b7NKIvUXGy1HRyQT,10
sXycIHFzzG67IksopOzyV,18
s5XAtVljfIZNWXYtQ8inv,11
s5XAtVljfIZNWXYtQ8inv,1
s5XAtVljfIZNWXYtQ8inv,2
shrexxTwrl7BUankzCDjH,12
s1jDE4XRxY7WTG0qZcWbi,1
skNYadu2SuFFjRsEp10CR,11
skNYadu2SuFFjRsEp10CR,8
scAAP9cHeO7lJST3Yv2De,12
sT4QLxTTHX2ulwY0vc3HK,1
sOXK3Ouw50zx5RL83jOVb,10
sGKkAJd4wXExNsK1MOBCB,9
sGKkAJd4wXExNsK1MOBCB,8
sNys2wvRrhwF3CZOh33VI,12
sYlH0Z82U6eSGLocArTNo,18
sKW6Ehm535vDxOvsA05SP,1
sKW6Ehm535vDxOvsA05SP,12
sESz8ONJf9OsDIt2NsSHk,10
sESz8ONJf9OsDIt2NsSHk,1
sESz8ONJf9OsDIt2NsSHk,2
sPrsYugArwHPOEtOramNv,18
sz7W80dIRiz7o73VGTPXW,15
sXUc0VJ58lVUbrDvEsJCw,11
sjsTvsiJvwZfKIbmvdGXm,10
sjsTvsiJvwZfKIbmvdGXm,11
sjsTvsiJvwZfKIbmvdGXm,3
snOe2SBCKBAfMxc99mHDV,10
snOe2SBCKBAfMxc99mHDV,3
snOe2SBCKBAfMxc99mHDV,13
snSFgrp9vAiPDRJ9Eb4PP,1
sFc0d3sgwS7tL979AmNkQ,11
sFc0d3sgwS7tL979AmNkQ,12
sOWpjyPemIWH3KsEwKLi9,10
sOWpjyPemIWH3KsEwKLi9,11
sOWpjyPemIWH3KsEwKLi9,2
sShlklaqmzbl0BjOe4riI,9
sGeyghEWKe0tZR27yXLEl,10
soBw20AngjdYy3adTfeEY,8
sEJ9gNoo54NQPa9iCBDEe,10
sHaRVsgrZKnmzg2tucNlo,18
sa2iixLsfi8uNYABs17OX,10
sa2iixLsfi8uNYABs17OX,1
sa2iixLsfi8uNYABs17OX,2
sdj5465aWWLCoEDQFQGSp,10
s9oJiZVLUKtGkN5soipfO,8
sUuvVsDE3CDEQHpNChQXP,7
sCgugaU3j1f8GGgEqftUj,10
sCgugaU3j1f8GGgEqftUj,11
sCgugaU3j1f8GGgEqftUj,18
s646eVaewSIxPkgzcpTXI,15
s646eVaewSIxPkgzcpTXI,11
s646eVaewSIxPkgzcpTXI,1
sBNFrKxHO6tavXJtrBOAY,11
sBNFrKxHO6tavXJtrBOAY,8
scPcurEGzY96CqFz31OvF,11
scPcurEGzY96CqFz31OvF,9
scPcurEGzY96CqFz31OvF,18
sr2f4gz9xu8gXn4MRiCs5,11
sr2f4gz9xu8gXn4MRiCs5,6
sr2f4gz9xu8gXn4MRiCs5,17
sJzuWI3xCCTZVR0fRDtiU,18
sscPRnriwG8neVQAWM7Aq,6
sscPRnriwG8neVQAWM7Aq,8
sDV9Etx4mIUgV6LKNsA1k,8
svvHYaDOLHcpP32SUsP2S,1
srmdrjX646XhO5SdOhKrS,15
srmdrjX646XhO5SdOhKrS,9
sIuFJpKjMN4PKLJBonU0H,1
s5LwpkRSUIBELRr4Vd3GE,17
sWkqfYTlm37LIxbOlefvw,11
sWkqfYTlm37LIxbOlefvw,1
sF4TPWeb6cKNFdiPXl4dT,15
sDowsT5NFNGR77kxEVfdT,10
sDowsT5NFNGR77kxEVfdT,15
sDowsT5NFNGR77kxEVfdT,11
sLvi8gBJG65AAKWyEagBb,1
sLvi8gBJG65AAKWyEagBb,2
srRSIXQuuvjGMGmb5m5pG,1
srRSIXQuuvjGMGmb5m5pG,6
sEkMFR50W22cX7LfV8x3q,1
soZ7Oeho854d2Bra5XmKJ,11
sKNuUGCJmOCSdeVlpaLWZ,11
sKNuUGCJmOCSdeVlpaLWZ,9
sxkDTWHi3f9UUydkIggrU,8
s2jmEgLPSJWVjCIgNhnFp,15
sPA5Kqod2Xao4QlaSRjqr,8
sUkoqRKzcbSZudDY1SyoF,11
sUkoqRKzcbSZudDY1SyoF,18
sUkoqRKzcbSZudDY1SyoF,8
s24argtyQT9K0d67FKdfV,1
s24argtyQT9K0d67FKdfV,2
suEJQwReFH6qgbVwT6Uab,10
suEJQwReFH6qgbVwT6Uab,11
suEJQwReFH6qgbVwT6Uab,12
sbNj4r85D9qqVZcaCpnGg,11
sbNj4r85D9qqVZcaCpnGg,6
sasgJMe7wSTcBR8lG8WAn,10
s7vq8kGkBvsBriVJFmT14,9
s7vq8kGkBvsBriVJFmT14,17
s7vq8kGkBvsBriVJFmT14,4
sB0J6t2yvqnA5POEdFaFp,6
sSVMcPxk18ALT0Id2KfjS,11
sSVMcPxk18ALT0Id2KfjS,6
s6xhkzqPrHokdEbmBQlW8,10
s6xhkzqPrHokdEbmBQlW8,11
s6xhkzqPrHokdEbmBQlW8,1
so1OvE5O6kjK9uufM09qf,1
so1OvE5O6kjK9uufM09qf,18
suvR9qVSkebJ7oHQmItWq,11
s7YPKAUWP72N5iTPj7LoH,11
s7YPKAUWP72N5iTPj7LoH,8
s9tMzs3w0WFzBqVbqtTRi,11
s9tMzs3w0WFzBqVbqtTRi,1
s9tMzs3w0WFzBqVbqtTRi,2
sYR2O2CHM6nbhZ6iGRL7q,10
sYR2O2CHM6nbhZ6iGRL7q,11
sYR2O2CHM6nbhZ6iGRL7q,1
sa0lgyAc38fKYXjSvAgDK,1
sa0lgyAc38fKYXjSvAgDK,9
s4UA4qlcPD2Sm6MjIsHOq,10
sBaJ8QDRcHSOUv7vaaUeF,10
srXQgTkwIz2kRRsw5SpX8,10
srXQgTkwIz2kRRsw5SpX8,1
srXQgTkwIz2kRRsw5SpX8,2
sD4FJ7g3SyexbwZFDlspR,6
sD4FJ7g3SyexbwZFDlspR,17
sD4FJ7g3SyexbwZFDlspR,8
smNEGP4d6pBBVbIxBj0as,7
svAp5BM0Q0DyN4jO8zUI0,10
svAp5BM0Q0DyN4jO8zUI0,11
svAp5BM0Q0DyN4jO8zUI0,1
s4ginCjAvvacNTZYFnyze,10
s4ginCjAvvacNTZYFnyze,11
s4ginCjAvvacNTZYFnyze,2
s8tcgSV5qgDKIvMSBTdxe,6
s8tcgSV5qgDKIvMSBTdxe,18
sMudhFgaxGRsDceOkXg6G,1
sUQDyBUvcxkhu7DQwz9VF,10
sUQDyBUvcxkhu7DQwz9VF,1
sUQDyBUvcxkhu7DQwz9VF,2
s8CU8wvPvmya7nxeQU9Tm,11
s8CU8wvPvmya7nxeQU9Tm,1
s8CU8wvPvmya7nxeQU9Tm,8
sibmnTo7RCUmTxHtN77Ak,11
slSrl6lcLjnZMRp7bv2rm,13
sHoQ8t7J6YU1uajlKQuII,12
sNcdXmPbLOVBI7isQGHuH,10
sNcdXmPbLOVBI7isQGHuH,1
sNcdXmPbLOVBI7isQGHuH,2
s8kexswcHPsWze373NYnc,10
s8kexswcHPsWze373NYnc,1
s8kexswcHPsWze373NYnc,18
sWAGkPfbhmEzjP4cJ8wT7,10
sc1YpsYlTNgcg6g7A3dv7,18
s3CLdFFUQHrWQCP6g7e5l,11
s3CLdFFUQHrWQCP6g7e5l,8
s2rSqg4Hyt0DWMNxEWCqJ,10
s2rSqg4Hyt0DWMNxEWCqJ,3
s2rSqg4Hyt0DWMNxEWCqJ,2
sZln6jmXx8IG8dHVycUaP,10
sjhCedIsiFemCVjEqIpNl,10
sjhCedIsiFemCVjEqIpNl,1
sjhCedIsiFemCVjEqIpNl,2
sMK15hACQFQH5WadTjaOT,10
sm4bbJyjuqi2cSL1iMnA7,11
sIzMus48uzpNRRvkOPQk9,11
sIzMus48uzpNRRvkOPQk9,12
sIzMus48uzpNRRvkOPQk9,8
sntp5piHI1tCpaa9Cl5Fh,15
sXgB0NHI5aslMG4ZpjB41,1
swj9huzenN8heCZgd9vVn,9
svDNma4OnZHIr31bELXht,10
svDNma4OnZHIr31bELXht,1
svDNma4OnZHIr31bELXht,2
svVNmMbXAa0goVqnuXm7a,10
svVNmMbXAa0goVqnuXm7a,9
slaLnZj0KJKPzNcPis5P2,7
sGPGevTk3hd0OsjjrwCPH,10
sGPGevTk3hd0OsjjrwCPH,11
sGPGevTk3hd0OsjjrwCPH,8
sR7jtvyUeZEUU65nwb8mK,1
sRHgLjcfpFyUw4o52GIXG,10
sRHgLjcfpFyUw4o52GIXG,11
sRHgLjcfpFyUw4o52GIXG,9
savv47zfC5fmNL59y2w5r,6
sKH5m0l8yPX9Ss5ZxBk9Z,11
sKH5m0l8yPX9Ss5ZxBk9Z,12
sKH5m0l8yPX9Ss5ZxBk9Z,16
s23YYijta5ONv8qBDBzR2,11
s23YYijta5ONv8qBDBzR2,1
sojtxoqjtATaMWx7iferl,1
sHqUcBPDeNj34EtSheXZW,1
ssVqgYzmU5S80k5KmWKIh,10
sYv1ELCxz2fQO9VDboKCD,10
sYv1ELCxz2fQO9VDboKCD,11
sYv1ELCxz2fQO9VDboKCD,6
s8mi0d86Ik0qGLtZFgz1E,11
sppiYM0mxZYlYStoysSeG,11
s3C3WpIml4o2WjBrT1b5p,8
s35PwPLUQdwplV627Ug05,10
s35PwPLUQdwplV627Ug05,1
s35PwPLUQdwplV627Ug05,3
saf8pLmPD04jTshAgF94l,11
saf8pLmPD04jTshAgF94l,9
s5CB8e5NGYpvYfCPzTBMY,5
s5CB8e5NGYpvYfCPzTBMY,9
s5CB8e5NGYpvYfCPzTBMY,2
s5CB8e5NGYpvYfCPzTBMY,17
s5CB8e5NGYpvYfCPzTBMY,8
s1gBPyxzDrUDAB2AJGoNq,10
s1gBPyxzDrUDAB2AJGoNq,1
s1gBPyxzDrUDAB2AJGoNq,2
s8B6oCg3ZG15H9aCJ5OBN,9
s8B6oCg3ZG15H9aCJ5OBN,17
svGaCdB3kD4B0SJrn8Vdu,1
s8WOCdjB831sFfMMoYAvM,1
sIoeQhpuCQjigO1YPXahX,5
sIoeQhpuCQjigO1YPXahX,6
sIoeQhpuCQjigO1YPXahX,9
sktGqkU9lUP6i8RKJ9zrG,1
s8buIvN8sbi6p2sjqv5oB,18
s8buIvN8sbi6p2sjqv5oB,8
s4yMyiwVkmOPVdZ6arCoZ,1
sAdWNzUhp8uZzCjhh7KxZ,8
s9VCPgD6l0fvRKizfICW4,10
s9VCPgD6l0fvRKizfICW4,11
s9VCPgD6l0fvRKizfICW4,3
sQpwbkA6QStMXwejpZukC,2
sheXZ9RRtt3tSj1yWaQbZ,11
sheXZ9RRtt3tSj1yWaQbZ,12
sheXZ9RRtt3tSj1yWaQbZ,16
snpwdg5O90YtC1puj3cVX,10
snpwdg5O90YtC1puj3cVX,11
snpwdg5O90YtC1puj3cVX,1
sB99dBx0fBmwbu8steClK,11
sB99dBx0fBmwbu8steClK,5
sB99dBx0fBmwbu8steClK,9
sij2RTyVmbr4WrTR2oYL1,11
sij2RTyVmbr4WrTR2oYL1,5
sij2RTyVmbr4WrTR2oYL1,12
sij2RTyVmbr4WrTR2oYL1,2
sij2RTyVmbr4WrTR2oYL1,4
sJCed5IzjsftmJs1wsbMC,11
sJCed5IzjsftmJs1wsbMC,6
sJCed5IzjsftmJs1wsbMC,8
sCaknWv4xYkawFltyNg63,8
ssoZURZjINnLgY8z0Q36S,1
sj2FZiv36nnIqSq8bJ7gb,10
sikP5gDy7FkEYA4LYkBQx,9
sz88lnQT4kdJx20RrvWu4,10
s77WOAx7uaKmHTVGInE5H,1
snkx3RMzeJpVDFP1Bc8gy,1
s1xxGfF2I6me6rjCBmjiA,1
s1xxGfF2I6me6rjCBmjiA,12
swRYrLp3YWUlZql6QGsUl,11
sbFIGBffX9lxGb437BZj2,11
sbFIGBffX9lxGb437BZj2,12
sbflNTBNj3yNdDgJ7guMa,1
sqRO8ZiLqY8lyCd5N0Fiy,1
sqRO8ZiLqY8lyCd5N0Fiy,17
srKV2rP1UwlztG7zml2f1,9
srKV2rP1UwlztG7zml2f1,17
srKV2rP1UwlztG7zml2f1,8
sLrOVVXgsIjxLlLUdkkxv,3
saShzNlFr2ouAxlkxumrT,11
sslYGwUNIhJJVls5EdyN7,11
swETV24KYeN8IdwPZSy7z,11
swETV24KYeN8IdwPZSy7z,4
sZOLvGltPMgJLie2ESi6f,6
swXUriUsVicYFVFmzh0Z2,11
swXUriUsVicYFVFmzh0Z2,9
swXUriUsVicYFVFmzh0Z2,2
sxcS00NHXqznGPHeVf7JL,6
sxcS00NHXqznGPHeVf7JL,9
sxcS00NHXqznGPHeVf7JL,8
stJsZsAAyfrPwnPtpx7Bs,18
sGybjaSXGbJNkqGai9eVp,1
sNtP5A9GsIkBdziuHwF36,2
slzGBbBUJIb6Sq96qypwc,11
slzGBbBUJIb6Sq96qypwc,8
sD5HrqlAUHkEASvQhJyGO,15
sYCNykKh508S4vW1vah0y,10
seknfLBvftjnGurnMTL8F,17
seknfLBvftjnGurnMTL8F,8
sjXDIXoNY94SUE29Cxb2n,1
sjXDIXoNY94SUE29Cxb2n,9
suWOTjxnEcuSn0Y8ixEgz,1
sGn7GJ2FxAWFb8V7zVS3X,1
swnhuvK5euNSGHFeDMGSg,11
swnhuvK5euNSGHFeDMGSg,6
swnhuvK5euNSGHFeDMGSg,9
s9ZdAi1iZ2E3kRMtf5OKC,10
s9ZdAi1iZ2E3kRMtf5OKC,11
s9ZdAi1iZ2E3kRMtf5OKC,17
s0MUsTeJKFujqiUb6Rnrg,11
s0MUsTeJKFujqiUb6Rnrg,12
s0MUsTeJKFujqiUb6Rnrg,2
sgZnWkPIGuoMHJ6CgUkoK,12
soq31rTnmHNaN5slMnAxc,1
sNT24z0Az5iUXWl0hVXIk,8
sHu1XspDkgdUEtilTDi2x,11
sHu1XspDkgdUEtilTDi2x,2
sHu1XspDkgdUEtilTDi2x,18
sJiMaqdxabted41fMCXdC,2
soo0c5qViwKYRkhHPaE2Q,11
sNrbX1slKnXtEoKZiPpSu,7
sdcFjYAL8FoBtkwFbBgtm,7
sbvoEJPSjm4wuOHE53w9F,11
sbvoEJPSjm4wuOHE53w9F,6
sbvoEJPSjm4wuOHE53w9F,12
supNzmYYYVf6SpoBUqFo5,9
supNzmYYYVf6SpoBUqFo5,18
sLsaDVLN6CTuoizdKKkPm,12
sf0G1cII5bzyCwfUy4piK,1
sf0G1cII5bzyCwfUy4piK,9
sywEX1z85NNpma7YAS88S,11
sywEX1z85NNpma7YAS88S,1
sywEX1z85NNpma7YAS88S,6
sPfZcNYN5LVQBcQmzcv9P,3
s1ZbtaLEnyAsv9aqwDxwk,10
sBmNkYLQ0MzavNmNte9TT,1
sBmNkYLQ0MzavNmNte9TT,12
snvgv7BxllotTmzqdUkBr,5
snvgv7BxllotTmzqdUkBr,12
snvgv7BxllotTmzqdUkBr,18
sl1gP5e4VqMQf786zSj2T,18
shYXqLnaI6ypFfUDd6GY3,10
shYXqLnaI6ypFfUDd6GY3,9
sGbHBZRp5BRNHzVUC1i7a,12
sGbHBZRp5BRNHzVUC1i7a,4
sGbHBZRp5BRNHzVUC1i7a,8
sxRhiEdrXfVTRsylvCOb3,1
salWEz3nnsfYKaI21oj3o,1
salWEz3nnsfYKaI21oj3o,18
s3S4yXZAPE1VqkohFh4R0,1
s3S4yXZAPE1VqkohFh4R0,6
s3S4yXZAPE1VqkohFh4R0,2
soaT0QtTH2v8a4Mfqv1Nt,1
sWQng1RimUpTULlUNQsfJ,9
sI8mXOM3y0A6wYrlOAxwS,10
sFiyOmczx8OUFlG63upq7,1
syKGiFl1wPpwr20JBmKN7,17
syKGiFl1wPpwr20JBmKN7,8
sEG5oohvQOseDjcSFAXJ1,6
sypBWFAHu9FpTIz6xRlgC,10
sypBWFAHu9FpTIz6xRlgC,11
sypBWFAHu9FpTIz6xRlgC,18
sAxnHLw5UDqvcMGO9hdzS,10
sAxnHLw5UDqvcMGO9hdzS,15
sAxnHLw5UDqvcMGO9hdzS,9
slcM5KFDluvjlcJQGdRBk,15
sn2h8Sl1Xv0vFtsSuvZGT,10
s6l8IVEeiS69D66LazN9a,1
sXND1fSwLrKg5z7SzVT5s,17
smr6vUb5X34TrNaC1AuXe,10
sOHhAHV1Vc2f4T8kU5rQf,10
sgxXzzCEM5WJzvm2SjYPM,11
sgxXzzCEM5WJzvm2SjYPM,4
sh53W0ZGzR7XqmBEFPZeB,1
sCUXRnFUWzDRzQXSszjxN,8
sA6ZNxCxKKxZoIHRYc1fY,11
so6E7CQNtplIJvIxaSIfT,12
so6E7CQNtplIJvIxaSIfT,8
s3uDUUldGh7agQHS7zx3A,11
s3uDUUldGh7agQHS7zx3A,1
s3uDUUldGh7agQHS7zx3A,3
senwEeIBHe9h3XBAGlan3,1
sCR0dzj5VfEnUjzcVyy5e,8
scVgBznoKcGfCqJooA9Qk,10
sgORPAs5frDYNn0cfZ4vl,11
shi8EdAmXwwEFvpA2kvV9,10
shi8EdAmXwwEFvpA2kvV9,18
shi8EdAmXwwEFvpA2kvV9,8
semE01ND5Q6ZU1xmc0WVU,10
semE01ND5Q6ZU1xmc0WVU,11
semE01ND5Q6ZU1xmc0WVU,1
smWNfrmX7CO0z9IhahobK,12
svSLP60So3IbXwkTTs8iK,11
svSLP60So3IbXwkTTs8iK,1
svSLP60So3IbXwkTTs8iK,6
sWQP3DlmXLc98B6esa9GM,18
sEAEi4psf1P2shIPHI55m,10
sEAEi4psf1P2shIPHI55m,15
sEAEi4psf1P2shIPHI55m,12
sF5Y0qTRN2NjU3TjP7Bzr,11
sF5Y0qTRN2NjU3TjP7Bzr,6
sF5Y0qTRN2NjU3TjP7Bzr,9
sF5Y0qTRN2NjU3TjP7Bzr,17
sl9lGc5lIUuw7SdFU243S,3
sv3HlD0czMqgXEP7NATsJ,10
shoPr6E1PgxOxyuo1wQqP,10
sms6aVYYqmngB5bbej0pe,10
sms6aVYYqmngB5bbej0pe,11
sms6aVYYqmngB5bbej0pe,8
sxnLNfDiiVb9KiAc7JJGV,1
swNbkkxNh781160Ob1H1D,3
s4TrIeV3Qu70HEAsPhF23,12
s4TrIeV3Qu70HEAsPhF23,8
sE2aQP9Wsi8sflurILkHK,1
sE2aQP9Wsi8sflurILkHK,18
soRuB09woUvLTcZyZ8IrD,11
soRuB09woUvLTcZyZ8IrD,9
soRuB09woUvLTcZyZ8IrD,2
stQB78LqKgmN6EQBlPrf4,1
stQB78LqKgmN6EQBlPrf4,8
s7bWNavt1ffKmdTgs65I2,11
s7bWNavt1ffKmdTgs65I2,6
s7bWNavt1ffKmdTgs65I2,8
sENUUfzJJpHYj4PdbK9Sb,1
sN6oBrAZxmE8oCWn4hWfj,11
sN6oBrAZxmE8oCWn4hWfj,1
sN6oBrAZxmE8oCWn4hWfj,7
s5zE7jr9BkxYYlECcEcib,10
sBooEQKYglLwKpO2I01fZ,18
sGqxXmuNEggBle9fw1BDd,2
s7sEX5i2YqPpAGO0XR1mY,10
s7sEX5i2YqPpAGO0XR1mY,11
sqbEqReE1lyMuU8Y01euK,1
syulwhgn8a99dmqKWQ40i,1
s3ZrbnVWmeVH8hC085mPB,11
soSEO0IYyCsFLpVOhMeHq,18
s0M6t9EOQdfTXdguHffEF,9
s0M6t9EOQdfTXdguHffEF,8
sByCWtt113oopSeWQU4MD,6
seCzF0fZ912nuGYQXSkAR,15
s2FJ4NunJksX9CYLrxoeN,1
sDtt0XMV7xHmJR1vosnXo,8
sXHSy3kf1X2VCC8k9D1vK,2
s3jpHZuhj3JFGJrZcqROL,1
s3pUPyYny1nDiuFrB5irg,11
s3pUPyYny1nDiuFrB5irg,1
s3pUPyYny1nDiuFrB5irg,6
