snack_sno,name,image
swlCY3jKhpzlVp1t3sst0,비건 트릿간식-베지 3세트,782599-7c891304-a83b-4269-b6b7-164a44a93c19.png
sx7Pok4P0HKiEutBW3Ted,비건 트릿간식-베지 2세트,782599-599d6f82-a37f-49e4-8fec-8029aa945799.png
svgG3s8GkPERNvxISVK2k,비건 트릿간식-후르츠 2세트,782599-2eb04721-0492-4546-aeaf-4d5ccc36ea2a.png
smzZXruPnxC9LTrBhaI3e,강아지 대용량 대포장 간식 육포 져키 댕이네 치킨스틱,83524147148.11.jpg
sBm5SwD65I9LExk9xwhdM,네이월 오리목뼈 수제껌,31317763618.20220315152650.jpg
sjWnyuy2Be4FsBIxrkj3S,미스터쿡 강아지 애견 간식 대용량,84526396414.1.jpg
sWhF8RglSOaWBZJfjj3NR,애견 강아지 간식 대박이네 개통령 헬로도기 리얼,83078703315.3.jpg
sYgaKpAcvCvlNTk9M1ej9,보리스 강아지 수제 간식 오리목뼈,83007293353.7.jpg
sDHtBercZICqDPpEujQQf,에프디바이츠 대용량 허글 동결건조 간식 고양이 강아지 트릿,82520878586.20.jpg
s431eN8Mcb8JeDxzJAF68,파피앤덕 오리목뼈 강아지 수제 간식 대형견간식,13007183296.33.jpg
sxFjfvYn4s2v4Fik2ThWH,리얼져키 대용량 강아지 칭찬 훈련 노즈워크간식 리얼소고기,83645587622.6.jpg
sKMkd8i80Y5OsCmYPrcTU,강아지 수제 간식 오리목뼈,81223388517.3.jpg
swMhf7lQeRIXTAfaoE8co,강아지수제간식 무염 황태 채 네이월 노즈워크 노견 보양식,10541412025.2.jpg
s1QzeJG4fUqZ7uxFI9DRO,네이월 칠면조목뼈 대형견 수제 간식,12017738734.4.jpg
s59XPS7JxwHlLIsAD6YNm,멍반점 강아지수제간식 오리목뼈,83813749474.7.jpg
sTzBSvbK5od0wFPD1vL7N,강아지 수제 간식 닭가슴살 대형견 소형견 개껌 굿독푸드,82433597195.2.jpg
srjKOd51KyaPyvbA0MaMq,더올바른 반려견 강아지간식 치킨우유껌,82295592873.24.jpg
skg4ex1Pltg3T029K6PUq,정직하개 코기홀릭 대용량 강아지 간식 고함량 닭가슴살 육포,82960315458.4.jpg
sCJbEjMK2E8HU3sfxrlsi,강아지간식 노즈워크 애견 훈련용 칭찬 믹스팝 양고기,81497700150.1.jpg
sjUMeHLxp2moASumZ7Vxa,강아지 수제 간식 오리목뼈 반려가족이 직접 만드는 개껌 반려견 노즈워크,83119355547.6.jpg
skGPr0fRxsaLxTpzOBHVh,아이펫베이크 양 사골 뼈 1p 강아지 수제간식,80692294098.9.jpg
ssyCyeHQUUaQkClomvgN7,네츄럴코어 천연닭 오리가슴살 4in1 강아지 간식,10637266529.12.jpg
s7Eq7rEVjm8y56wg8tgzk,개똑 강아지 수제간식 닭안심 오리목뼈 12개입 대용량,84635916478.jpg
sRRG50UfKGNpT3zEFUtAm,닥터독 동결건조 북어 트릿 간식,28972515979.2.jpg
syAZqUWHqqkiDBQHUAo8K,닥터독 동결건조 연어 트릿 간식,28972569652.3.jpg
s3jppwq2wGzGdxLMEiMOB,포켄스 강아지영양제 뉴트리션트릿 대용량 2묶음,82121674183.4.jpg
sGcPFzx56jTHBWMbNRlUb,제로랩스 고기가득 져키 소고기 훈련용 칭찬용 강아지간식,83083492455.3.jpg
s5JdZv9Soz6WhjTlz8Amb,참좋은간식 쫀득쫀득 오리져키대용량 강아지간식,10767827603.4.jpg
smXJsulJWaIn6q5bH5oKa,에이티바이오 본아페티 강아지 고양이 필포켓 간식 50ea,28068448522.20210719205746.jpg
sBm1MkCjFsuvfSf6Hhw8t,강아지 수제 간식 네츄럴코어 천연닭&오리가슴살 4in1,80027880899.3.jpg
svOmdW91epaQPzWOo1K9M,강아지간식 더안심닭 국내산 통살 닭가슴살 고양이 고기 보양식,82655358039.5.jpg
sq2jnKhwfx5SiwTckkDbW,오래먹는 강아지 애견 간식 블리스틱 육포 저알러지 핏불스틱 푸들 포메라니안 JUNIOR,82475132892.12.jpg
sJW5eTOdjyHmRYqYFzJUV,강아지 수제간식 소우신 소떡심 반려견 소힘줄 우스틱 초소형 10cm 단품,82753589417.7.jpg
sxmVJioukPaUs3Ec8qjpa,예루스틱 강아지 고양이 츄르 영양 건강 간식,84626648864.jpg
sYkOrGqYIv71S471zo0yG,나도주개 용대리 황태 강아지수제간식 종합선물세트A,81559345532.1.jpg
sex9B07gDSN8VHWHz3gkn,본아페티 비건 강아지 고양이 호박 고구마 간식,32148329618.20220503141913.jpg
sbuziwOM2WwR62WP4lltH,네츄럴코어 강아지간식 비프&치즈 육포,10415209018.6.jpg
s1UuWWKs55R7pqBfVnrg5,아임트릿 가수분해 저알러지 강아지 영양간식 226.,82128805414.2.jpg
sBl3K2No80TjKDO4z23fb,어뇽어뇽 강아지 수제간식 오리목뼈 등,83072536798.8.jpg
sG79mOqEr7kaduFede4B5,눈물해방 소간육포+강아지 수제간식,10541412024.13.jpg
sHKbwKnmHmHUdzJWbpLve,힐링펫 강아지 수제간식 애견 반려견 닭고기육포,82251092331.2.jpg
sXYntVPavQVWDvAFNLCKh,든든하개 강아지생식 강아지간식 오리목,81999311049.jpg
suspaGF1EYqcuxfDpZFA9,네이월 닭고구마말이 6p 강아지,29327544618.20220114111816.jpg
sf40qJ6K3BVJg62XEy0pQ,든든하개 강아지수제간식 닭가슴살,82637396034.1.jpg
sJkXJw5BT0waOmuQNM3L7,곰곰연구소 닥터웰릿 강아지간식 강아지 훈련용 노즈워크 간식 스틱 져키,82663207228.5.jpg
sC5yI6RrqW2xjcWCzLV4X,닥터바이 우주 바다트릿 소화율 높은 강아지 수제 간식 야채 영양 트릿,82261346328.2.jpg
sa3rH4efJEkhPwnwnUkRi,비건 트릿간식-후르츠,782599-a20f3f74-8091-47dd-898c-f82514b83c49.png
sbowijekY9aw8wCBTdAef,강아지 다이어트 저칼로리 관전 간식 칭찬 트릿,82590256018.1.jpg
sIl6dCV2iiEwtHunTjwML,비건 트릿간식-후르츠 3세트,782599-06c7aac9-7eff-4cb5-a011-609b80d7a5aa.png
siYfvgrVZbkJbO1AiBiUu,헬로도기 강아지간식 대용량 애견간식,82300509877.jpg
sRoX6J9GRp1233xAPsRKF,마도로스펫 치킨 트릿,12340514493.20180907181955.jpg
sVR4HIIIU7VG7zC1xjCGI,도기머기 강아지 수제간식 말랑 닭가슴살 육포,83421021693.9.jpg
s07dPUgvRaaiV5eGyOFna,펫프리카 북어트릿,27424274522.20220818094003.jpg
svioaDPrWfCaIs3yFaKn7,강아지 수제간식 오리목뼈 대형견 반려견간식,81539222974.11.jpg
sxneJ607VlTDeIKuzXNfv,강아지 동결건조 간식 야채믹스 아띠트릿,82743334025.6.jpg
sNnrikYWnEk0nFFZUfUjq,파피앤덕 오리날개 강아지 수제간식 대형견간식,13007145726.42.jpg
sKu1cwClhA1vOdMnc0hwD,닥터바이 강아지 보양식 전복 삼계죽 애견특식 영양식 5개입,82939686473.6.jpg
s2kNQGqBibmVuLVQY3uW6,제로랩스 프리미엄 국내산 강아지 수제간식 치킨 고구마 말이,84023807353.jpg
siNpRFXaujlEMzFz56cVw,하루치즈 천연100%히말라야 야크치즈 고단백 저알러지 야크츄 수제 개껌,82268235723.jpg
s9qfq86TO52oRw2WLtrgU,바우와우 혼합간식,20052395658.20190704112022.jpg
sUBupIXoozCBzyq6E4XUB,아스쿠 모정 소고기 강아지 져키 노즈워크간식,83514227497.6.jpg
soRicqtXsEqjqVqUEYnng,일킬로그램 강아지 대용량 간식 육포 져키 슈퍼츄 소고기,82606901882.2.jpg
sRj2JGBUqn8fUV5uQq8TH,파피앤덕 절단오리몸통 4p강아지 수제간식 대형견간식,13518168744.23.jpg
s9CliyZFj7vA8lvtCFxcT,묘견서 초대용량 강아지 고양이 후코이단 7800mg,82893753348.3.jpg
siBt1Wqz2UJrRMFgCfxGo,펫쉴드키친 강아지수제간식 모음,83233992696.jpg
skcrRcNa3sTv1g1uZykFc,펫컴 티지즈 아기상어 토이덴탈 국내산 덴탈껌 개껌 치킨&야크치즈 애견 반려견 강아지 간식,82400529144.3.jpg
s4xRPIlytnHXMTaQfy9K0,펫쉴드키친 강아지 수제간식 흑염소 뿔 껌,83615561085.jpg
sl9Pv30f8oNSJm9V73reU,강아지 야채 채소 동결건조 간식 베지스낵,82506322026.jpg
s8sdsj9xaJdDkOdhnp1yN,내추럴EX 한우불리스틱 미니,11353539819.9.jpg
s6V5PzZfJpIWQIZH3l4M7,비건 트릿간식-베지,782599-55c36f9c-df4c-4fc6-90bb-f708c58d5a6d.png
sza3eVBLDB5IDP5epgein,반려소반 바른트릿 명태 동결건조 강아지 간식,83624017266.1.jpg
sPwX1RWUWEXwouSP4vBQx,강아지 간식 말랑한입밀웜&북어 트릿,2446000-405fe160-a994-4338-858d-85a2469c4a6a.png
sBCwmiOPhQ2ou2SdZ3Ahw,나도주개 강아지 수제간식 황태큐브,82087974899.2.jpg
s8UAgS1xzL7RIjZOXIQHS,네츄럴코어 미트스틱 실꼬리돔 닭가슴살,10508336852.20191231203041.jpg
sFIzDUPcy2WMEs9cIf9vp,마도로스펫 열빙어트릿,30700690621.20220127104514.jpg
sdcJesuxl4bsr0shWLMOQ,하림 하루양갱 강아지 짜먹는 영양 간식,83560704810.2.jpg
s8hZ7ktN2cu3ZIqmVCAb6,아스쿠 모정 비프져키 강아지 간식,81469784762.3.jpg
s3h4ZuJt2cROPTgBwSAQi,나도주개 용대리 황태 강아지 수제간식 보양식 황태포 순살,82215933709.1.jpg
s6uU225xRbM3W9yTkKf4u,묘견서 후코이단367 강아지 고양이 후코이단 캡슐30일,84080834118.jpg
sX4O0SIxc4uYOXqFbsdCa,오리통다리 강아지뼈간식 영양 오래먹는 수제간식 오리장각 이상 1p,82647521623.1.jpg
sDiEW8dU4mGptevMKqY50,든든하개 강아지생식 강아지간식 돼지귀 5개,81963916142.jpg
s91HLANdtDqAGk6pSwWKq,치킨마을 대용량 대포장 강아지 간식 아삭아삭 치킨껌,84461373081.7.jpg
sIZRK6AgJ34xO8DAWQ971,펫정식 국내산 강아지 수제간식 오리목뼈,84578842458.1.jpg
sLa8lpeBE9xXTvVrMEzjf,강아지 노즈워크 가수분해 간식 데이스포 헬씨트릿 황태 소고기 눈건강,82425238824.114.jpg
stx9Hv2Kzc9Qq7leZocMC,나도주개 강아지 수제 간식,82290617888.1.jpg
sk0XASopTRHQEIhcRq7Eo,네츄럴펫스낵 소간져키 강아지 수제간식,29184421618.20211010195317.jpg
ssKjXvGKgkbbL8pZrcnN4,소가쿵 맛있는 슬라이스 강아지간식,80914180391.7.jpg
s8cJKRXE9iri5GLJZsxvH,아침애 오리버거,13098986042.20171228101740.jpg
sbqteQQsNBGVbCZigCuXm,명견만리 강아지 대용량간식,82239615510.jpg
sF2EGDhLdEAhXivnnqS1w,강아지 대용량 애견 육포 져키 더담은 일키로 노령견 대형견 간식,83981192838.2.jpg
sfk2fT5EGaGhWj3QhD4s7,나도주개 용대리 황태 강아지 수제간식 강아지 보양식 순살 분말,82088068086.1.jpg
s5DzpZed2fXdm0wsXZKOd,까까묵자 애견 수제간식 강아지피자 강아지치킨 피크닉세트,83188454357.4.jpg
sl1nTo4pWhqGbNH21hArM,포켄스 뉴트리션트릿 자이언트팩 관절&뼈,10715551176.4.jpg
s1ZD8gPPr1YgR0wFtldyb,닥터독 동결건조 닭가슴살 트릿 간식,28972495108.3.jpg
sD0an2Z9C1PatKSNMuZAf,반려소반 바른트릿 동결건조 강아지 고양이 간식,83624017277.3.jpg
sVSl6AWeiiTdxsAaaPctQ,든든하개 강아지생식 닭안심 강아지간식만들기,81963006419.jpg
sDfacf09UJooVUaptDpfM,네츄럴코어 강아지 간식 미트스틱 20p,80512311087.6.jpg
sRXJEvvcL1soyUYH9f7io,헬로도기 참좋은간식 그대로 말랑 고구마 스틱,27585636522.20210615155257.jpg
sZ4G013RA7WMl7H2cmQ1b,조공 미니트릿 닭,29990404619.20211207172947.jpg
sSgCdZ3B3OCFraR8XodPo,동결건조 베지칩스 MINI,81500656466.1.jpg
su4cfWESn8DcpdFEMv1X7,강아지 수제간식 황태 간식 보양식 애견 황태채,82244688588.jpg
sep6ag9RDXr534Lw6QlxK,영양언니 강아지 우족 오래먹는 뼈간식,10390134799.2.jpg
sKHba96E9Dl65ZhCnAnX6,네츄럴코어 강아지 간식 치즈브림,80513162586.6.jpg
sQdhT9HPEBBNE7PUn2fKA,펫파더 동결건조간식 북어트릿,24259561527.20210819101206.jpg
s4uKXEnesBlDg5sCAa1wL,풀무원 아미오 간식 아미오간식 건강한 덴탈껌,84635285566.jpg
seydiUmWPk6F8yci3lmgg,개이득 콜라겐 강아지 져키 육포 큐브 혼합 스몰바이트 간식,81174618983.6.jpg
sexGYXW9Lm4nAHPnItj9D,마도로스펫 큰북어 동결건조 간식,18504696608.20200819120402.jpg
sGTRvdtScagnjbj2Rbow2,리얼 대용량 강아지 천연 간식 소프트 닭가슴살,83996018020.5.jpg
sXsHMZHN9cwuvZ2MTJIGH,바우와우 강아지 간식 당근 치즈볼,80156425487.3.jpg
stsAhm4SQPjG6ZZlKd1qb,100% 강아지 수제 츄르 황태 보양식 노견 건강식 고양이간식,83487324688.1.jpg
sTcOYPv7rfoS3R8E0J99K,태비사사미 /애견간식/강아지간식,11074408838.3.jpg
sFjpTQzwF7wOwjFbzAvGj,강아지 수제 간식 대형견 메추리 10마리,82510719825.2.jpg
sfxS5ZAhsqtuYelJeYxIK,펫쉴드키친 강아지 수제간식 소 떡심 껌,83615487367.1.jpg
sKmxYDGWo4htvoCG3OFaQ,제로랩스 영양가득 져키 단호박 토마토 연어 강아지 칭찬용 훈련용,84034809741.1.jpg
sm2LwfSZTfmqNcYXCmDuS,주베베 노령견 보양간식 츄러스틱 블루베리 부드러운 애견간식 강아지 간식,83492072759.3.jpg
se01HgdPpN7g9rIq3Vg98,반려소반 바른트릿 닭고기 동결건조 강아지 간식,83624017265.1.jpg
sL08ayXeWz6JWSR6qZn2O,포켄스 뉴트리션트릿 면역&영양 대용량 2개묶음,10715552244.6.jpg
s5CCctpjeGCtMrTWT1e9y,바우와우 모짜렐라 치즈스틱 임실 강아지치즈 간식,82966814900.jpg
sytQJyDuEWtIx9yeMsthM,강아지생식 한우간 소간 노견영양식,82439864144.jpg
s6g01MacK0sElcPdmoIbB,영마진 제로 대용량 대포장 강아지 육포 져키 간식,83507572599.2.jpg
sY6xRZi08CsUhT0Dl5k2Z,강아지 영양 간식 보양식 한줌의 간식 연어,84495014493.jpg
sICjFyNnZCl5X8JE1DJ4I,한입뚝딱 국산 강아지 닭가슴살 대용량 수제간식,29752822618.20211119172845.jpg
sHRtGlbE57EPfwZcUylKM,네츄럴코어 강아지 수제간식 천연 오리 닭 가슴살 스틱 강아지 간식 애견 개껌,83111001682.2.jpg
sbRaHrtzAZaBVG0lD4MVb,면역 유산균 간식 빌리스벳 프로바이트원 치킨 강아지 고양이,83906905231.jpg
s98d5bBozHOVRmhTzXz1g,소우신 한우스틱 강아지 오래먹는 소우신 대형견 수제 이갈이 간식,82702911718.jpg
skZ5i5SdyIS7UafJaf79t,강아지 수제 간식 애견 반려견 보양식 오리목뼈,84471681165.1.jpg
sRfybrcNOHkhBkG3Gp4IC,춤추는도기넛 반려견 자연식 도기넛칩,12666765778.2.jpg
sRh3FueZpd2i9OncErKUH,마이도기 강아지간식 애견간식,82828688010.jpg
s67slyZKOAjj3ExdkKI00,네츄럴코어 미트스틱 강아지 부드러운 간식,83347803238.jpg
slJKD2ybaOdCdZbxozMkv,명견만리 강아지대용량간식 노즈워크 져키 훈련용 혼합,82709591403.3.jpg
sDPJbqvFPWEw3uHJjE6eT,포켄스 뉴트리션 트릿 뼈 관절 애견 강아지영양제,83018125755.1.jpg
sXqrzpVIIV3g9YqGZ74Gn,든든하개 강아지간식 닭발,82635931523.1.jpg
stmumilahqUb38ww4nGo3,오늘멍밥 미니HBD세트 강아지 수제간식 강아지 케이크 애견간식,82840992882.jpg
sgA75WUGKjvJGlOOVxxqk,펫스토리 수제 꼬치 강아지 간식,83664657084.1.jpg
sI2Fv9qLfe5oXcF6sliT3,네이월 오리고구마말이 강아지 수제간식 12P,25243765522.20201217110005.jpg
srWh35XrlEO8i8UMUQ8xj,후코이단 강아지 대용량간식 대형견간식 애견 트릿 수제간식,83463115573.jpg
sYuBf39OSyIdGy8ASEcwP,프롬벳 강아지 노즈워크 훈련용 간식,29549490618.20211105142825.jpg
slHdO032ZZoZnfTi1UKKY,반려소반 쓰담스틱 한우 강아지 반려동물 스틱 츄르형 간식,83624017281.1.jpg
s16VXvKlNBJyoZ0ghmEAC,반려소반 그린홍합 동결건조 강아지 간식,83624017276.2.jpg
sDUraJijBLb2p81eND496,반려소반 쓰담스틱 닭가슴살 강아지 반려동물 스틱 츄르형 간식,83624017283.1.jpg
sk1jVr1zvzrMiQhotTSvV,치석제거 애견간식 오리 목뼈 수제껌,83858004651.jpg
sX0kKYCBadM1BIgPqhnEH,네츄럴코어 색다른 고구마 강아지간식,27535635524.20210611162511.jpg
sTVuDQWFhaHYvB2V9ET9d,영양언니의수제간식 우유껌 10p,11206458940.9.jpg
s4pprWlr7mBpmLx8yURiW,봉봉맘 강아지 수제간식 모음전 치즈 황태 열빙어 오리 말고기 연어 미역국 케익 아이스크림,82902102458.2.jpg
sQbj9f25Su5nNWqiPbZ6p,네츄럴코어 강아지간식 치킨소프트스틱,82342560152.6.jpg
sgttD28tQCSY7NC34pp3Z,오리목뼈 대형견 강아지 수제간식,84137795253.jpg
sQdL7TdkyVg5ADPaZt9VF,웰스비 고구마 츄 강아지 동결건조 간식,21353595540.20220225124628.jpg
srSBItiWPXjGSCJsgUtPY,소가 쿵 콜라겐 큐브 소고기 슬라이스 육포 강아지 간식,82260237606.3.jpg
sdncsytbUeaddBpm2Hcde,이리와트릿 강아지 고양이 동결건조트릿 수제간식,11276500327.6.jpg
sQeRP5GX1wOGFdjgCLbx8,토모다찌 강아지간식 애견간식 육포 도모다찌,80029859990.6.jpg
sW8kuIG3ubNg9tY91MPzr,제로랩스 도그살라미 동전져키 당근,84370280243.1.jpg
sC4ukZesDaNyIDObSpwJh,매일 다른 강아지 간식 맞춤 펫토마이즈,31539685896.20220406040758.jpg
svkWaM5pH4K0hqBF79bBN,강아지 행동교정 다이어트 간식 닥터설트릿 오리지널,84635847098.2.jpg
sAQdbQy1gUtuFqXGcnZK8,정직하개 대용량 강아지 간식 오리가슴살,84463670345.3.jpg
sWSV0IsvkUKyGTR19Xm0U,데크라 더마펫 에피트릿 226.,18506941750.20190404114401.jpg
sdVfZ9NYlT7S34Zfhfoyf,헬로도기 참좋은간식 쫀득 져키 대용량 강아지 간식 사사미 육포,11621394382.2.jpg
spCBceo9JPd3kKWtHpyqY,빅브라더 소뿔껌 1p 대형견간식 강아지 수제 간식,11518233077.10.jpg
sx3v3BWOrjIuziXvdlGyo,제로랩스 고기가득 소고기 강아지 져키 큐브 노즈워크 칭찬용 훈련용 간식,84460970781.3.jpg
sh6eFS2IDJPzyNdTsk6yk,독특 강아지 수제간식 강아지 치킨 멍치킨,83315986802.3.jpg
sLLngI95U9Xey8X5kCwSE,강아지 영양 수제 간식 동결건조 야채 당근,81980532129.4.jpg
strD7wwJOZJzwxLqa11S9,반려소반 바른트릿 말고기 동결건조 강아지 간식,83624017219.jpg
s5Z3OITaIlUMSZQB3h3iH,반려소반 수제 간식 음성 오리목뼈 강아지 겸용 반려동물,83624017316.2.jpg
sAoarUd0eKQuMdhbdR7Vq,벨버드 대용량 강아지 순삭 져키 간,82335113602.12.jpg
sG8BXrIJ1XRy3rcnUKazP,네이월 오리황태말이 강아지수제간식 6p+6p 노견 새끼강아지간식,10541412027.3.jpg
sx4qwnFFMiF08yjULBAUp,네츄럴코어 오리말이 고구마,27789481527.20210630123858.jpg
sRjU902GIjpWo5k3LvJhf,네츄럴펫스낵 소떡심 강아지 수제간식,21487673696.20191210103723.jpg
saGjjimUqFqqVzWEOXtDX,순살듬뿍 고구마 오리말이,82773925279.5.jpg
sIgh572bOHo4aRXyOe7eC,네츄럴코어 강아지 간식 천연닭 오리가슴살 혼합,80496506181.16.jpg
sn8xC9bLjpxZeuwnAPH8N,푸디웜 저알러지 기능성 강아지 간식,13397310613.12.jpg
s2nXwZxuf7lU9a19MFP28,드룰린 바로 트릿 강아지 간식 닭고기 소고기 황태 설채현 노즈워크간식,84195254016.4.jpg
sbiPzisB2RuKGGxPMJmCj,에프디바이츠 보틀형 허글 동결건조 간식 고양이 강아지 트릿,82661935567.15.jpg
stzmde198HeplNEeoTNWZ,스윗펫 강아지 수제 아이스크림 펫 아이스바,83036873500.jpg
s8yfHSUQgPhmUckjiisy0,해피팡팡 강아지 수제간식 닭고기육포등,84435940402.1.jpg
sLEnSsR0X7ZGVSpRd24EQ,네츄럴코어 천연 오리 트위스트 강아지간식,84631061113.2.jpg
snDsvVDidxMyjTRLPsV56,도그맘마 강아지 수제간식 저알러지 노견 건강식 치킨 츄,84311773132.3.jpg
sdRMgJFwfNEDdN9OgGizC,네츄럴펫스낵 분리불안 소발톱 강아지 수제간식 1P,29215277619.20211013094545.jpg
s0UFTZO33Hbvo2sDaab0z,네츄럴코어 강아지 간식 천연 오리가슴살 소프트 스틱,80482502212.11.jpg
snpQyJWNvLjsU8vJEmfqK,흑염소뿔 1p 자연방목 염소뿔,83337905790.jpg
sJraClss2YSj72tz1KZuO,마도로스펫 유기농 당근트릿,20051301132.20190704100202.jpg
sJP3bjYrTqFM48X8KD3WH,마도로스펫 소프트연어트릿 동결건조 간식,12340505370.20180723145226.jpg
sQFVEseWnTC6ob36v5Pz3,든든하개 강아지보양식 오리안심,82274228808.jpg
s0hfieToEaO96HP99xqxc,네츄럴코어 강아지 미트스틱,81176109876.5.jpg
syOPSQ0SMGpROvZ4ESrTa,아이펫베이크 오리 통 안심 강아지 수제간식,82837153003.3.jpg
sw9bT2XZh2FXAODEw1nO5,강아지 수제간식 애견간식 육포,84544047890.2.jpg
sToOpy4JKC5CmWDgEzxMD,반려소반 바른채식 강아지 비건 간식 군고구마&단호박 반려견 노즈워크,83624017210.1.jpg
sFW7k7ldP3VNKOj9Mj20q,"반려소반 바른채식 강아지 비건 간식 군고구마&당근, 단호박 강아지 반려견 노즈워크",83624017208.jpg
s82L2KTh3CTrGoChwvXVp,강아지황태 무염 노견 개껌 강아지껌,83619265045.1.jpg
sIIha26NRl3CUrUewvb7m,정직하개 코기홀릭 과대포장없는 대용량 강아지간식 오리가슴살,82962233094.5.jpg
sYRNms18K02laeMHsbqQF,네이월 다이어트 닭가슴육포,13943243882.20180403105212.jpg
sctMlNrd8X5YriviHgRGc,앱솔루트 건식트위스트 사사미 대용량 애견간식 3개월 잘먹는 강아지 간식,80443845324.10.jpg
s1Z1KE0kUqby04AS9O8MJ,빅브라더 대형견간식 강아지 수제간식 돼지귀 XL,11517601707.6.jpg
sNO06YKtMwV5vaKG3xynp,가수분해 큐브 강아지 훈련용 강아지노즈워크 간식 눈건강 항산화 황태 소,83350712423.31.jpg
sNSqieJQXq4KPASHjg35c,강아지 북어 /황태포 황태채 북어포 황태 북어채 강아지수제간식,83089547923.jpg
sRoJKuk0W67lSahB0Ohju,강아지 황태파우더 보양식 애견 황태 가루 무염 간식 반려견,81715397894.1.jpg
shee5zUgZQdyWzqBjj4Zk,포켄스 뉴트리션 트릿 눈물,84631191666.1.jpg
sKCSZR5nIs4MKzmSRPs2a,미스터쿡 대용량간식,82239408015.1.jpg
smtAnRYSrT7cts4HcpClD,네츄럴코어 네츄럴덕 힘줄&오리링 4p 강아지 저알러지 오래먹는 간식,81423471546.11.jpg
sQFu48IdzgStcsXwtE5ge,개통령 헬로도기 애견간식 강아지간식 개껌,12888232451.4.jpg
sdUxOywU512LHd104O5ju,바우와우 혼합 간식,7867678549.20180405105432.jpg
sQ1wOXsHsstjiTlfFY5uj,도란도란 강아지 동결건조 간식 강아지 당근간식 야채 채소 베지믹스,84156476799.jpg
sMy3mCIyclc7RO1kl7s4H,오리날개 강아지 대형견간식 애견뼈간식 대용량,82367057393.jpg
sv0YIxBHeDdbtFr1vpafK,스위피 오독오독 바삭 골라담기 강아지 애견 수제 간식 강아지,83459452879.13.jpg
swZRfaXkEdMda5ZF9rOSn,OCEAN 식탐 혼합간식,29409267619.20211026095219.jpg
sQh89ORfGXeiIerIRUYNf,최고의간식 4개묶음/강아지간식,16088144747.jpg
s6eQcYeI2Eci2slkCHyVL,펫쉴드키친 강아지 수제간식 오리 안심 그릴드저키,83615607924.jpg
sAOqVAo9glSeKAB4MlI69,네츄럴이엑스 불리스틱 순수한우 불리 슬라이스,29414081620.20211026173445.jpg
s1tXAKH5ut8Jd93Yc8bYj,반려소반 바른채식 강아지 비건 간식 군고구마&당근 반려견 노즈워크,83624017209.jpg
swik7tda09pl13he3QTwp,와그작 하루간식 강아지 수제간식 건조 다이어트,82282011819.1.jpg
sg9UdVf3lXyXAbt64w8sG,아르밀 강아지생식 양&캥거루 생식,1467736-7fc4a85b-27ed-4cf6-b2c9-3f1510cc642a.png
sMO4W6nXSxXLgqCeK5gLt,이효리 강추 100% 국산 강아지 애견 간식 대용량 짐승용량 빅츄 연어 져키,82850007797.1.jpg
s5BIicsT6rpTobiqEPHLA,하림 강아지 애견 간식 연어 노즈워크 훈련용 저칼로리 노령견 져키 밥이보약 건강볼,83860508422.1.jpg
sKyyLh2Tq6te5hF8WoPY2,킵펫 말랑말랑 노즈워크 져키,28841399592.20211028124729.jpg
sjZZAGDOvFtqGA9fsXvvI,마도로스펫 큰치킨 치킨트릿,28031228522.20210716145600.jpg
ssf4JGLeaeiYq119csHMS,고르다펫 국내산 염소뿔 오래먹는 수제간식,82406909906.2.jpg
swenoLCIzWiU2rHUJmV9S,아이펫베이크 닭 통 안심 강아지 수제간식,84142855546.jpg
sRcG5cred7ndovfTeBAoc,펫보타닉스 헬씨 오메가트릿 연어 대용량 강아지간식,12639802076.1.jpg
ssIsytfhrXeJHZhClGKXI,바우와우 국내산 혼합간식 애견 반려견 강아지 노즈워크 소형견 대형견 훈련용 트릿,11990583594.4.jpg
sLwlOEAUVnHgnWCsJhIpA,닭발 강아지수제간식,80020446705.1.jpg
shiCx9m4GAzQ66GMb9upI,마도로스펫 노른자트릿 동결건조 간식,20051287118.20190704095327.jpg
swdKnbWSOdMyV87JalgYc,네츄럴코어 치즈 브림,10537216438.20200114122143.jpg
sjjE14xxe6hAno26Yc19r,리얼 닭고기 오독오독 닭갈비,12873800738.2.jpg
skC4HNW7HXDAzo2jlCRzb,아이조움 국산 오리목뼈 강아지 수제 간식 대형견 소형견간식,84446701612.3.jpg
sqERQL6IAbXd7xy750hj4,펫모닝 닭가슴살,6736957780.20130122164421.jpg
sZNXQyYIK364krBdLcbTt,든든하개 강아지 생식 닭가슴살 노견 화식 영양식만들기 생식만들기 자연식,81962699559.jpg
sXfgweaVF6nm8Nsrv6knk,후코홀릭 후코이단 명태녹차,24237487525.20200922145008.jpg
sUOY43YprZ88ECaAOOqgQ,펫쉴드 강아지 수제간식 흑염소 뿔 껌 10개 세트,84569263879.jpg
s4mcEktabI307W6EBcBVx,내추럴픽 강아지 수제간식 오리도가니 치석제거 간식,84372208897.jpg
susQH2EXyuu7di7nWrxPB,오메가3 플러스 소프트 츄 4P,12989113660.20171214164838.jpg
sx1wzStSGFfB7KqNPRhN3,펫라이프 칸타나 동결건조 치킨큐브,30850575620.20220208151430.jpg
sPvKLTmeQZISr5wgiG9KT,더블리스 강아지껌 육포,84171639377.2.jpg
sWM4Xy565ErFV30O0zNKu,포시럽 대용량 사사미 보니또 댕댕이 대용량 강아지 큐브 육포 간식,83171411723.7.jpg
szHlByUOODzISamFM7RT1,아르밀 강아지화식 샘플,1467736-b119dd2f-d751-4435-9866-ba00df297e41.png
sLGveiLXfuevxH90NzsRp,블리 스틱 강아지 한우 불리스틱 저칼로리 간식 매장용 초소형 포메라니안 푸들 네츄럴 ex,82430248117.1.jpg
soXr955vG7JwYsIbK1f4z,네츄럴펫스낵 쫄깃 닭가슴살,29520818618.20211103153843.jpg
srDuEmyNoi14ppYdwH11Q,"테비 링링츄 , 강아지간식",83280932459.jpg
sanYHEXdQXuUJqPo6Fyvk,정직하개 대용량 강아지 간식 트릿,84630989451.jpg
sG4xho7dpTuvUs1PtfQNQ,참좋은간식 강아지 소울대간식 그대로 고기간식,82257915730.6.jpg
sN6wFgdBrWtwNwEM7aml8,강아지 애견 반려견 대형견 아기 다이어트 수제 영양 닭가슴살 동결건조 간식 트릿 대용량,83565480426.5.jpg
si0bxirANxAFNscnGsfi8,국내최저가 국내산 오리목뼈,81986337242.jpg
sIrd13jH2FocCi5qoGdsI,든든하개 강아지간식 황태채,83489421150.jpg
sRqA1eWbbZThg9EBhz5w6,네츄럴펫스낵 메추리 강아지 수제간식 1ea,29156298618.20211008164356.jpg
sGkTXvJtJBK8UBm9FpGEa,네츄럴펫스낵 상어연골 강아지 수제간식,21487660493.20191210103200.jpg
sw9kKywumdda5nCd53CB8,펫츠플레이트 동결건조 북어트릿,82289816635.2.jpg
sAwLwXHBgYdFxe1gARxh5,네츄럴코어 미트스틱 닭가슴살 참치,10537273492.20201030153344.jpg
svKSgQutoh3Sfa5JqlQHe,네츄럴코어 천연 닭가슴살 소프트 스틱,27789062531.20210630124204.jpg
sntbafFh3tzm5kg0dz1HT,홈쿡 다이어트 안심 오리 슬라이스 강아지 육포 대용량 간식,80901967441.12.jpg
sDWzfVoA35FxGIEUPJQqJ,네츄럴펫스낵 관절건강 오리연골 강아지 수제간식,29216856618.20211017170130.jpg
sLTfOx7QqieBlyQF2mlLf,아이펫베이크 동결건조 닭 가슴살 큐브,82901575702.4.jpg
st9mwrNWeYZejsqJapPL5,참좋은간식 그대로 말랑고구마 대형견 강아지 고구마 말랭이 3개월 간식,82259492982.7.jpg
sbiYWglcyZYxuCWEyrd5E,아스쿠 모정 오리지날 강아지 져키 훈련용 노즈워크 간식,11711751205.8.jpg
sYJ6kC1e5bUuf6rPQ6ASI,네츄럴펫스낵 오리목뼈 강아지 수제간식,16256754284.20181122150441.jpg
s4IQIRarQ0w6SOOpwP4HW,도기맨 간식 헬로 치즈커트,80036167304.jpg
sKTuUuwidwOT0KXHvMdcN,순수파우더 한우 소간 파우더 외,10239331306.5.jpg
sKKlxDJSj8IOB2uMMCNH3,진짜육포 소고기 연어 황태 오리 양,83472149171.4.jpg
s3BCCbNCBHLWFQeosPION,강아지 종합 영양제 견수무강 3Box 180개입 가수분해 간식형 제품,83548130171.jpg
smO3lzHFUv76SoJq6ejRb,리리펫 치킨트릿,24073675384.20200907220244.jpg
sbTSV3PvLGXgBDxbNMnQJ,진짜 육포 촉촉부드러운 칭찬 보상 통 간식,83472149171.4.jpg
sWZsCozMSY5NwVhOXl0H5,아스쿠 모정 소고기 애견간식 강아지간식 져키,82055013257.3.jpg
sdcCwRFNn5PzTjyoujLg4,프롬벳 소간 파우더,20040578785.20220328125839.jpg
scCJdtocn28XS6C8in7h0,펫쉴드키친 강아지 수제간식 오리 안심 오돌뼈,83615618546.1.jpg
st3e9lsZfZJNhVLdLi1UJ,네츄럴코어 치킨말이 고구마,21481004132.20191209145340.jpg
sRSyY91blEL3rkDZWi1aE,천연 수제 강아지 아이스크림 7가지 맛 아이스캔디 정통 스틱 젤라또,80473974050.3.jpg
szjL8nc4tKjDBDVrho3ai,조공 미니트릿 북어,32053070621.20220427154703.jpg
sqxc9PdIf7Ide3axYaVLM,강아지 아이스크림 도러블 펫 반려견 아이스크림,82435998766.3.jpg
sLKzewt65NzAAkArqGN3T,내품애 실속형 강아지 간식 닭갈비,83675624240.1.jpg
su8W13hN6WrzTTKO6dhBm,더텐 헬씨트릿 소고기 관절 반려견간식 훈련용 강아지 노즈워크 가수분해 간식,84371403043.5.jpg
sUxvH6BbZS2AzUzAdlTzh,네츄럴코어 간식 크런치즈,11434885218.8.jpg
svqPDtpzb0DHrNQZoVXCP,더보양 보양황차 강아지 보약 수제간식 음수량증대 기력회복 황태음료 80ml x 7팩,82599940517.49.jpg
sGKswC7rDo1LFETEjb5CV,펫쉴드키친 강아지 수제간식 오리 근위 그릴드저키,83615590761.jpg
stjgrSSyJTYzpdoJUqinX,강아지 생식 고기 캥거루 정육,82790192530.jpg
sJRApl5wPESMK3qQS47Gc,핏펫 닥터설 트릿 오리지널,23936231523.20200828123611.jpg
sK6z07ugLg7oCsTbRcHdJ,소가쿵 강아지 노즈워크 훈련용 큐브 간식,82706837708.2.jpg
szVExFqBRaDIYFVvGtAqu,오리 목뼈 냉동 수제간식 원료육,84288286696.jpg
sTRThgErjsyAjsOR1MJRs,든든하개 강아지간식 우족,82627935107.jpg
sbHJtZtMt9n0xtHJmuP09,강아지 다이어트 저칼로리 영양제 수제간식,82844325248.jpg
s3pSADYWZ19sWafvaPZE3,디페토 피부 영양제 굿 스킨 2박스 2개월분 강아지 피부 건조 탈모,83084917247.1.jpg
sjQjIDrIvSSvIml6KJat0,바우와우 강아지육포 간식 치킨브레스트,83718140167.2.jpg
sKh3aa7CGQrU9w6Bv6DkE,견생견사 강아지간식 반려견간식,82745873432.jpg
snIlTmxBcSJI9q8DaHQCt,풀무원건강생활 아미오 헬씨믹스 트릿 건강한 피부,21629809140.20191231095914.jpg
suz9Dcca9prETB4Oa0mOg,포켄스 뉴트리션 트릿 100개 10개 추가 대용량 강아지 간식 눈 관절 건강,83248898879.2.jpg
sAJPlsCZZKMYmAOOkZu2I,해피팡팡 강아지 무염 북어 황태,13281231771.20180116122442.jpg
scWrL1FDACLKKgOi7x7aa,노즈워크 훈련용 간식 트레이닝스낵 저칼로리 다이어트 칭찬 치킨,81589965962.6.jpg
sruUqxB7e7xPLFAt8awIn,헬로도기 참 좋은간식 그대로 말랑 고구마 큐브,28288379555.20210804113007.jpg
sRw6gcfaxbigJEixxTrcY,강아지 수제간식 애견 반려동물 건조간식 영양 간식 핫도그,84486961376.jpg
syig3zLPQuVaeD1BR2Wgc,네이월 다이어트 오리고기육포,13943358469.20180403110922.jpg
sOt92An2nGKXDJPNElkPF,아이펫베이크 동결건조 칠면조 가슴살 큐브,81109581073.7.jpg
swMWMXGSea9bS8IEqxVii,포켄스 뉴트리션 트릿 눈 눈물 애견 강아지영양제,82439867596.1.jpg
sg68N94JBQv1Mw3m7RubS,네츄럴코어 미트스틱 실꼬리돔 참치,10508329175.20191231193629.jpg
s35eUQCb12eg3NqdgxEdc,네츄럴코어 천연 닭연골,29604703622.20211109122332.jpg
sUR5lCbQxeRdM395MOiyn,벨버드 대용량 순삭져키 강아지져키 / 대용량간식,82335113602.12.jpg
sm6eW733zU21bx5vbw58S,네츄럴펫스낵 피모개선 돼지귀 강아지 수제간식,29218110621.20211017171005.jpg
sWLmQzbMNiEzFVMfyv16p,마도로스펫 초록입홍합트릿 동결건조 간식,21481322384.20191209154359.jpg
stR8sTTJARRnVGLY4LUq3,쓰담쓰담 안심댕면 본사직영 강아지 전용 라면 휴먼그레이드+5p주문시 강아지 큐브간식,83241784132.jpg
sr1OSpZtLI9QA2lTKinnG,네이월 단호박말랭이 수제간식,12518454085.20180921110654.jpg
sUYGPOc5r4JdfcFQ17hRt,기능성 가수분해 강아지 져키 간식,83350731252.6.jpg
stO1PBQIr3uEf2cVENYhb,돼지귀 강아지 12개 대형견간식 강아지영양식 대용량,82810456464.jpg
sNwgEr1SgO3ehGy0gm0pO,파피앤덕 돼지귀 5p 강아지 수제간식 대형견간식,13023320293.32.jpg
sLeU57gmSbUlokiBbXzvK,네츄럴EX 1P S 황태츄 꽈배기 강아지간식,82249925567.2.jpg
sFuPIyPYHXQr4AJZ70VLi,코니도기 강아지간식 노즈워크 산책용 대용량,84204821439.5.jpg
scumG1p9utrR5DTwjsj4Q,바램펫 저칼로리 부드러운 강아지 큐브 간식,448170-19217dbc-deef-46c4-9aa4-e7c7dd8a1732.png
stbPw8UnYbZ7zXkku22LE,닭가슴살육포 대용량,13465378781.1.jpg
s5MCrI8hijvkJT5iZZ9Q2,파피앤덕 돼지귀 슬라이스 강아지 수제간식,13023224839.13.jpg
sCWosh1fzGTKTqTexjsUA,네츄럴코어 미트스틱 혼합형 20개입,20485050828.20190802110407.jpg
s1kAJ58WEMrJnHcFFjiTO,아침애 닭가슴살 육포,30691656619.20220126171753.jpg
snotXVnM232zqzgLWgyY4,코기홀릭 강아지 수제 간식 대용량,84627428633.jpg
s8P3jiir2ao3JbidiIEDK,시니어소프트 관절영양롤 부드러운 노령견간식,84034383351.1.jpg
sN9OOz6tSpIGhaY9jG9ZO,브리더랩 한입에 쿵 강아지 간식 큐브타입 노즈워크 훈련보상간식,82290559432.1.jpg
s9lc6xPpNoum1vIIX2tV4,든든하개 강아지 생식 닭발 생식만들기 애견 화식 자연식 몸보신,82439735089.jpg
sF5nxA6bF5Hjwp2IPEZaq,2kg 오리목뼈 강아지 수제 간식 원료육 반려견 대형견 국내산 냉동,11629542693.jpg
soNv0qQxVg3h2gZGxvBh5,펫스토리 더내추럴 호박 군고구마 스틱,29015404586.20210928142356.jpg
snsZVVwvZpX9aAzomF8fq,메추리 10마리,80228379927.jpg
szmfFzTEKfnySX6enmoAA,포켄스 뉴트리션 트릿 대용량 100p 관절 뼈,13444007737.15.jpg
sPcaYDcwdRcTIwdeVWeTo,후코홀릭 수제간식 황태와야채,80166343459.jpg
sJeVLTUheQMt0OoawAWd6,바램트릿 사슴고기 져키 10봉,81868706034.jpg
sYq33y4Fahfv0Z8U2OHhI,펫고 소간 트릿 강아지 고양이 애완견 다이어트 맛있는 건강 영양 간식,34280499775.jpg
s0Cg9gcgztbdeG3zHo9FS,프레스키 터키츄 칠면조힘줄 스트립,28841203587.20210914111255.jpg
sr2xMmixtb67vsphLbGTF,노즈워크 트레이닝스낵 강아지 훈련용 간식 묶음세트,83000188514.jpg
s0izcrN5jVXToPGuZ5OoV,쿡앤스토리 강아지 대용량 대포장 간식 오리 우유껌,84637723335.jpg
sCfYdOeneA1Or1UIPXs7m,맘쿡 강아지 대용량 육포 간식,83528004863.2.jpg
smj8n6YiymY7xNuRQLNqH,하남 레몬펫 반려동물 강아지 고양이 수제간식,81847137334.7.jpg
sasSLv4yswklgeX9yjQ0P,과일 원물 100% 슬로우팜 과일칩 동결건조 간식,1665057-295fb364-4431-4b3a-b947-52ca6031cd42.png
syzbL9LFabbHltSSPuT06,오리안심,22123568700.jpg
suhlv9qxesrLHRDTfEbbJ,네츄럴펫스낵 돼지코 강아지 수제간식 1개,21489112602.20191210143545.jpg
s9i0H16J9NsoGbiM5TYQL,듀먼 통살육포 닭가슴살,30088379624.20211214171650.jpg
s5Sckm1NsFG0UDzRMzKdS,네츄럴펫스낵 돼지등갈비 강아지 수제간식 3P,29191636618.20211011122432.jpg
sDKMth1ygFr5UE1wKnDk7,팩앤프라이드 동결건조 강아지간식 오리가슴살+사은품,11718414894.1.jpg
s7xXrksqeMQgfJidDzD8S,드룰린 바로 트릿 강아지 간식 훈련용 설채현 교육,84238515311.6.jpg
s9hbY1IUd9mGQhgxJ5lvA,강아지 애견 노즈워크 훈련용 가수분해 큐브간식 져키 연어 말티즈 포메라니안 푸들,83752056489.1.jpg
s1MRSIsFvBpfrhXS8zzqU,"스윗비 강아지수제간식 단호박북어스틱 영양가득, 면역력강화, 건강한 간식",11713384681.4.jpg
sB3eNkM2TxegY8sx2X4J4,네츄럴펫스낵 우족 강아지 수제간식,29191446618.20211011115225.jpg
ssv6hMHubT3S47KkI4i1d,캥거루정육 / 강아지 고양이의 간식 생식 자연식 화식 수제간식의 원료육 분쇄육 무첨가 무염 무색소 야채퓨레,82198643327.jpg
scRTlJ0zVRcdIt8PCnaGl,대용량 강아지 애견 사사미 간식 리얼 닭고기 오독오독 닭갈비,82182427693.2.jpg
s2BOYPhiTvJWiK9OyCYvZ,식탐 양고기버거,12359122235.20170928103309.jpg
svp8Drnr9WIGs2ZItM0Zn,동결건조 강아지간식 팩앤프라이드 대구치킨스시롤,80008161399.3.jpg
sguYj1dmd77lNABP9tRFN,참좋은간식 그대로 말랑고구마 큐브,82446325026.3.jpg
seCqvVyim5CzWm0nKIM7t,참좋은간식 소울대 닭고기 강아지간식,82223793164.3.jpg
s4Adlhki2lYKY4z58GuTy,미스터쿡 대용량 강아지간식,82261445161.jpg
sXuKJpiDbaZ9B0QKZWs4f,8가지 익힌 야채로만든 베지칩스,81305689839.8.jpg
s3NS2cYOfBFXpwBtd5opG,네츄럴코어 치킨 오리 혼합 사사미 강아지 수제간식,82638646656.3.jpg
sbd69BYALk5g3pHYAmN1f,오리말이 10p 단호박 황태 고구마 디포리,10390273937.7.jpg
svuu6SXRG45lw2dOl41CH,강아지 애견 오리고기 고구마 단호박 생선살 톳 수제간식 스틱형,84249064160.jpg
sJFY9K6IlRMjThvww1Ky6,영양언니 오리안심육포 국내산 대용량,80261654783.1.jpg
sWrYmUGOd9ERJv3Sp2uVm,피피픽 견약과 항산화 면역력 노견 영양 간식,83862119238.1.jpg
szlnAMim9VDmEXulGhtYj,펫앤샵 동결건조 강아지 고양이 수제 간식 닭 트릿,31809084616.jpg
sGxaXQb1z2wrGcRAJpW9o,한우간,12728896986.1.jpg
s30hGyUfMzyhC3wsvEO85,마이베프 LID 져키파티 강아지 노견 노령견 알러지 알레르기 저키 져키 간식,83848560705.jpg
sPmpevJxudIIymfat9fQp,강아지 대용량 수제간식 오리목뼈,80598856174.3.jpg
stdgTfmB97Ubk9roCf9Bg,네츄럴펫스낵 오리울대 강아지 수제간식,29204091621.20211017164604.jpg
socIkdhBgltLqDU8ik7Mm,대용량 강아지간식 사사미 맘쿡 치킨 호박롤,82206332960.1.jpg
sDu7jC9bgxVfdx1UXUZ68,든든하개 강아지건조간식 닭안심 고구마말이,84025377418.jpg
szqOm7rdPizujHJF9c37P,아침애 오리버거 노즈워크 간식 버거류,9592102324.1.jpg
sQ1IgbRFdcd53zW5Of20B,네츄럴코어 강아지간식 유기농 고구마가 좋아 베이컨,13034024161.2.jpg
s8TqpBw1qGhDMunSkq6xv,네츄럴코어 강아지 간식 칠면조 힘줄 육포 2개,80252495396.1.jpg
sC3W1VXU6Qut2YcmohmR8,네츄럴코어 칠면조 아킬레스 힘줄 S,33271912618.20220704104421.jpg
sXNxnEDmx9OJyKDFJniUZ,주베베 강아지 촉촉트릿 노니품은 닭 동결건조 트릿 간식,83047682828.6.jpg
sUsbdQXHOUzQiMA0oIx3C,네츄럴코어 비프 대구 스틱,29604483621.20211109113804.jpg
sUEiK3DaspxTectE0JoZm,미스터쿡 육포 강아지 애견 간식,82197240964.10.jpg
sMWytXyMRN8TngX6wqeag,후코이단 강아지 가수분해 트릿 간식 피부 건강,83351803313.10.jpg
sdEzLjrxIQ8IDp9awIjCn,"벨버드 져키킹 애견간,",83194315132.2.jpg
sfp6az1u78iXH2yvEZFe3,리얼 한줌의간식 노즈워크간식,84389800232.jpg
sIFhylXpt2m8aCqY8zBHO,아스쿠 맘스큐브 말고기,81999814902.jpg
sJQocXfh5gvfVpzzTXjJO,펫앤샵 동결건조 강아지 수제 간식 열빙어 트릿,31809174261.jpg
sNfZopf0DebctjEn5Tduc,마도로스펫 작은 치킨 트릿,31798303620.20220413104448.jpg
sXJ1APkxg8nouU1TjXhLa,수제 올리고 펫푸드 황태포 오리고기말이 국내산 무첨가 강아지 수제간식,80465534792.7.jpg
siPIsBoEtR96h5gcoV9np,아르밀 애견생식 닭 생,1467736-673f5c94-8012-4370-8242-2c82f21f3975.png
sojgDYpG57mg1G6eTY4kX,벨버드 시간순삭 황태큐브,82633803256.4.jpg
syioYMowUIoIDkgT2gnva,디페토 피부 영양제 굿 스킨 3박스 3개월분 강아지 아토피 알레르기 습진,82984979561.3.jpg
ssq3VbYFkZTZfQhwXUroy,네츄럴코어 강아지 인기간식 혼합 미트스틱,84284572075.1.jpg
ske9T5Lszn9aal0MkMFLw,오래먹는 치석제거 강아지 간식 염소뿔 외각+내각 1세트,83376183129.2.jpg
s6cbBBBAoqQWPj6csCdol,홈쿡 강아지 간식 대용량,81465018911.5.jpg
s3Y27hhayqnd4QxfR1wvW,마도로스펫 치킨파우더,20040508002.20190703163205.jpg
sUw83bvM5CbtbIGm46HIr,강아지가 잘 먹는 대용량 간식 런치타임 오리앤대구,84051728084.jpg
samGfuw4ypqLBvH7aqzY0,한우뿔 수제간식 오래먹는 개껌 소뿔,82521991352.jpg
sgc3xufAflbJqHf4nsDJ9,퍼피프랜드 강아지간식 대용량 애견간식,82308844996.jpg
sUSY9za7L6RJxlnOQpvo9,그리니즈 필포켓 강아지 알약캡슐,82474626495.jpg
ss9ecp75MnFCJ1mMZ4T91,베네핏 싱글프로틴 트릿 강아지 식이알러지 간식 캥거루트릿,82278177821.18.jpg
sO7F4IdRvmwJqMCpojYCe,까까묵자 강아지 수제간식 오리목뼈,83014234471.4.jpg
sZ7173RsTXHmUZ9LxP1SD,찹앤찹 동결건조간식 닭안심 치즈,22348756799.20200406121047.jpg
swb8HUJD6eoI5DVA2Tvi0,"스윗비 강아지 수제간식 황태닭곰탕 영양만점, 노령견,기력회복",82188537894.2.jpg
sThrz5t7dHI5SdApgc5oO,웅자 애견간식 오리랩 14p,13149056824.3.jpg
sHGLGn3pBICECZjJSu3wc,닭곰탕 강아지츄르 노견영양식 노견간식 강아지보양식,83152667135.1.jpg
s5lJFM1TlL8BIT31ITs2S,독특 강아지 수제간식 강아지 김밥 애견생일간식,83316167983.2.jpg
srZ6dMe9Bq2fPLKbmBdHa,네츄럴코어 오리말이 황태,27537059522.20210611174258.jpg
slIhxXZMCwO0hHf7ggVvd,강아지간식 수제 대용량 애견간식 무염황태,84626583977.jpg
stiX6KPFH9gcs4Bx0tIor,포켄스 뉴트리션 트릿 피부 피모,29357444618.20211022100112.jpg
s2KZQ3tFmJdGe48GIu83h,슈퍼츄 일킬로그램 가득 담은 닭가슴살 대용량 강아지 수제 간식,83135990385.6.jpg
sAd8POqYouiQve4xVzvw0,마도로스펫 대구트릿 동결건조 간식,12340484241.20180726160645.jpg
sxYflNpMGWlFe1LDopmx0,강아지 다이어트 저칼로리 피모 간식 칭찬 트릿,82614176153.jpg
syhN8o8vKOYezS5esx6rO,디페토 유산균 굿 프로바이오틱스 3박스 3개월분 애견유산균 강아지장건강,82984970736.6.jpg
sQIbZf4dSoDnCuvkr94s2,심쿵 간식 소가 쿵 슬라이스 강아지간식,82361830142.2.jpg
sUmivDg55fi6jDXrEhdVk,해피팡팡 강아지 테린 3P 보양식 수제간식,84423807357.1.jpg
scWJzVhQuROX828M1r4jq,펫쉴드 강아지 수제간식 소 떡심 껌 10개 세트,84569197093.jpg
simt2b7NKIvUXGy1HRyQT,내추럴EX 한우 불리스틱 초소형 1p /강아지불리스틱,80043354013.1.jpg
sXycIHFzzG67IksopOzyV,마도로스펫 북어파우더 동결건조 간식,21489751321.20191210155540.jpg
s5XAtVljfIZNWXYtQ8inv,비타크래프트 도그스틱 강아지간식,83068532492.jpg
shrexxTwrl7BUankzCDjH,마도로스펫 가자미트릿,24238216522.20200922160406.jpg
s1jDE4XRxY7WTG0qZcWbi,오리 근위 손질 수제간식원료육 애견 강아지 냉동,82046944224.4.jpg
skNYadu2SuFFjRsEp10CR,한입뚝딱 국산 강아지 닭근위 대용량 수제간식,29752629618.20211119165859.jpg
sDPV4cQ3CpPZm2fMIDRWi,"소떡심 껌 , 강아지수제간식 강아지소떡심",15695855711.1.jpg
scAAP9cHeO7lJST3Yv2De,펫프리카 국내산 동결건조 치킨 트릿 고양이 강아지 간식,84374317677.1.jpg
sT4QLxTTHX2ulwY0vc3HK,펫레터 홀릭홀릭 국내산 강아지 수제간식 오리목뼈,82656497286.5.jpg
sOXK3Ouw50zx5RL83jOVb,강아지 소간 육포 대용량,80066671948.1.jpg
sGKkAJd4wXExNsK1MOBCB,오리지널 콩고기 강아지 저칼로리 건강 간식 체지방 감소 항산화,83712426000.4.jpg
sptur6hwW09F46BMEde15,대용량 애견간식 강아지간식 개껌 강아지껌 시져,5767428351.21.jpg
sNys2wvRrhwF3CZOh33VI,마도로스펫 작은 북어트릿,31800042618.20220413110348.jpg
sYlH0Z82U6eSGLocArTNo,강아지 황태 간식 드룰린 소복 유산균 치석제거 다이어트간식 황태포 북어,84236739005.2.jpg
sKW6Ehm535vDxOvsA05SP,펫쉴드 강아지 수제간식 오리 근위 그릴드저키 10개 세트,84569061028.jpg
sESz8ONJf9OsDIt2NsSHk,미스터쿡 강아지 대용량 간식,13267298313.3.jpg
sPrsYugArwHPOEtOramNv,강아지 황태,80066547004.1.jpg
sz7W80dIRiz7o73VGTPXW,네이월 수제간식 돼지귀육포,29234466618.20211015004045.jpg
sXUc0VJ58lVUbrDvEsJCw,펫푸드궁 대용량 닭가슴살 동결건조트릿,80026265253.5.jpg
sHpDcwDXH9tHGSU4LXHoO,양사골,12714580775.1.jpg
sIJtjQdVaI3RYjPTIFl5y,웅자펫 수제간식 강아지 애견간식 영양식 웅자 닭다리,84645027966.jpg
sjsTvsiJvwZfKIbmvdGXm,펫스토리 강아지 간식 수제 핫도그,82715663014.2.jpg
snOe2SBCKBAfMxc99mHDV,ZEAL 뉴질랜드 천연 간식 육포 강아지 수제 간식,83909164982.jpg
snSFgrp9vAiPDRJ9Eb4PP,강아지간식 수제 핫도그 소고기,82143018423.3.jpg
sFc0d3sgwS7tL979AmNkQ,펫쉴드 강아지 수제간식 무뼈 닭 발 껌 10개 세트,84569144639.jpg
s0P9cUZ6TeyQcvu8DU2TG,바우와우 체다치즈볼,5667530662.20190916154451.jpg
sOWpjyPemIWH3KsEwKLi9,뉴트리츠 천연100% 동결건조 강아지간식,83984791820.1.jpg
sShlklaqmzbl0BjOe4riI,도란도란 동결건조 야채 연근 강아지 영양 수제 간식,84534012956.1.jpg
sGeyghEWKe0tZR27yXLEl,파피앤덕 우족강아지 수제간식 대형견간식,80023581032.22.jpg
slotDuyPjWtA0VuGyP2dX,"오독오독 닭발 껌 ,강아지닭발 수제간식",15736152395.jpg
soBw20AngjdYy3adTfeEY,강아지 수제 간식 보양식 호박죽 12개입,80942646253.3.jpg
sEJ9gNoo54NQPa9iCBDEe,네츄럴펫스낵 눈물제로 소간파우더 강아지 수제간식,29217631618.20211013141637.jpg
sHaRVsgrZKnmzg2tucNlo,펫트리온 트릿 북어,30833525619.20220207100724.jpg
sa2iixLsfi8uNYABs17OX,마이독스테이크 소고기 슬라이스 강아지 육포 간식,82547295823.5.jpg
sdj5465aWWLCoEDQFQGSp,천연 콜라겐 강아지간식 개이득 통간식 소 큐브,80878029193.1.jpg
s9oJiZVLUKtGkN5soipfO,메추리 1마리 강아지수제간식,10390224191.3.jpg
sCgu70Am5JRfvGTRmRbgE,펫보타닉스 오메가트릿 연어,6321749270.20191231170801.jpg
sBp1P5ybZKSHOFONwNLnD,포켄스 뉴트리션 트릿 눈 눈물,10507013152.20161019114919.jpg
sUuvVsDE3CDEQHpNChQXP,네츄럴펫스낵 칠면조목 슬라이스 강아지 수제간식,29217637626.20211017170923.jpg
sCgugaU3j1f8GGgEqftUj,강아지 가수분해 간식 칭찬 훈련용 큐브 노즈워크 데이스포 헬씨트릿 소고기 황태,82811324790.56.jpg
sfwfvdDCEe8Fq1pQCVHmP,헬로도기 이벤트 특가 강아지간식 애견간식 개껌,8052128369.6.jpg
s646eVaewSIxPkgzcpTXI,꿀꺽상점 굿독푸드 강아지 애견 대형견 수제간식,82433597195.2.jpg
sBNFrKxHO6tavXJtrBOAY,강아지 애견 대형견 수제간식 단백질바 4팩세트,83332877275.7.jpg
scPcurEGzY96CqFz31OvF,참좋은간식 꼬치꼬치 4P 치킨&북어,83099946206.1.jpg
sr2f4gz9xu8gXn4MRiCs5,풀무원건강생활 아미오 헬씨믹스 트릿 건강한 관절,21629781182.20191231095057.jpg
sJzuWI3xCCTZVR0fRDtiU,브리더랩 황태핫태 강아지 황태 보양식 수제간식,81988380198.5.jpg
sscPRnriwG8neVQAWM7Aq,더내추럴 군고구마 강아지간식 호박고구마 자색고구마,82328776688.5.jpg
sDV9Etx4mIUgV6LKNsA1k,무항생제 제주 말갈비 강아지 수제간식,83218342696.jpg
svvHYaDOLHcpP32SUsP2S,자연소재 오리고기육포스틱,31053480618.20220223103511.jpg
srmdrjX646XhO5SdOhKrS,오간식 강아지보양식 강아지김치보쌈간식 수육세트,82797200034.jpg
sIuFJpKjMN4PKLJBonU0H,통오리뼈 대형견간식 개껌 오리목뼈 포함,82140509246.jpg
s5LwpkRSUIBELRr4Vd3GE,강아지수제우유껌 패키지,11205244913.5.jpg
sWkqfYTlm37LIxbOlefvw,자연느낌 순오리고기 강아지 수제간식,82267995791.1.jpg
sF4TPWeb6cKNFdiPXl4dT,네츄럴펫스낵 통돼지귀 강아지 수제간식 5P,29191579618.20211011120752.jpg
sDowsT5NFNGR77kxEVfdT,푸디웜 저알러지 곤충단백질 기능성 강아지간식,82722530318.7.jpg
sLvi8gBJG65AAKWyEagBb,강아지 다이어트 저칼로리 체중조절 영양제 간식 사사견견 살좀뺄개 1개월 패키지,82844325248.jpg
srRSIXQuuvjGMGmb5m5pG,네이월 오리고구마말이 강아지 수제간식 6P,13943360433.20180403111825.jpg
sEkMFR50W22cX7LfV8x3q,네츄럴펫스낵 피부미용 오리육포 강아지 수제간식,29214439620.20211017165807.jpg
soZ7Oeho854d2Bra5XmKJ,내품애 실속형 대용량 강아지 간식,84090050770.2.jpg
sKNuUGCJmOCSdeVlpaLWZ,자연식 닭안심 테린애견 수제 간식 나니스 펫푸드,13375719314.jpg
sxkDTWHi3f9UUydkIggrU,도란도란 바삭바삭 양배추믹스칩 동결건조 야채 채소 수제간식,82659466108.3.jpg
s2jmEgLPSJWVjCIgNhnFp,파피앤덕 돼지꼬리껌 강아지 수제간식 대형견간식,81040668479.jpg
sPA5Kqod2Xao4QlaSRjqr,네츄럴펫스낵 칼슘듬뿍 상어연골 강아지 수제간식,29214461619.20211017165358.jpg
soZd0j7iDj4w0TRrqzaRC,대용량 오리도가니,26887452426.jpg
sUkoqRKzcbSZudDY1SyoF,펫어클락카샥트릿 동결건조간식 치킨 북어 열빙어,84548772126.jpg
s24argtyQT9K0d67FKdfV,텐더 져키 독스 강아지 애견 수제간식,83835281761.1.jpg
suEJQwReFH6qgbVwT6Uab,마도로스펫 기호성테스트 동결건조간식 트릿,9379760088.9.jpg
sbNj4r85D9qqVZcaCpnGg,네츄럴코어 고구마말이 강아지 간식 치킨말이 고구마,81677774185.5.jpg
sasgJMe7wSTcBR8lG8WAn,빅브라더 카우시링스 1p 소울대 대형견간식 오래먹는 강아지수제간식,13561080192.6.jpg
s7vq8kGkBvsBriVJFmT14,강아지생일세트,82230679588.jpg
snVqeOsnqO0t9SqceMJ5x,카디날 펫보타닉스 헬씨 오메가 트릿 오리맛,5771690944.20200101141914.jpg
sB0J6t2yvqnA5POEdFaFp,스위티 스틱 고구마 강아지 그대로 말랑 고구마간식,82258806413.1.jpg
sSVMcPxk18ALT0Id2KfjS,강아지 사사미간식 맘쿡 치킨 그릴 스테이크,82215970954.1.jpg
s6xhkzqPrHokdEbmBQlW8,쿡앤스토리 강아지 대용량 대포장 간식 치킨 우유껌,84637749478.jpg
sqOGzTpSJWDA83Yde4YWE,네츄럴코어 천연 오리 가슴살 스틱,22839399426.20200513114752.jpg
so1OvE5O6kjK9uufM09qf,"강아지수제간식 스윗비 오리북어말이 아삭아삭, 영양듬뿍, 면역력강화",11713365069.4.jpg
suvR9qVSkebJ7oHQmItWq,강아지파우더 애견영양식 닭가슴살 반려견수제간식,81715439769.1.jpg
s7YPKAUWP72N5iTPj7LoH,노즈워크 훈련용 간식 트레이닝스낵 저칼로리 보상 칭찬,84635207774.jpg
s9tMzs3w0WFzBqVbqtTRi,하림 해피스마일 강아지 칭찬간식 국산간식 소고기져키,82650409230.3.jpg
sYR2O2CHM6nbhZ6iGRL7q,참좋은간식 소울대 그대로 고기를 감은 강아지간식,82274428136.1.jpg
sa0lgyAc38fKYXjSvAgDK,"펫만찬 강아지 오리테린 강아지특식, 화식",82035429755.3.jpg
s4UA4qlcPD2Sm6MjIsHOq,네츄럴펫스낵 소홍두깨살 강아지 수제간식,29204099621.20211017165010.jpg
sBaJ8QDRcHSOUv7vaaUeF,"강아지수제간식 스윗비 소간져키강아지들 환장하는 맛,피부질개선,영양간식",11713284405.5.jpg
srXQgTkwIz2kRRsw5SpX8,개성만점 반려견 대용량 강아지간식,82295505240.3.jpg
sD4FJ7g3SyexbwZFDlspR,강아지 수제간식 맛보기세트,83179335989.jpg
smNEGP4d6pBBVbIxBj0as,네츄럴코어 강아지 수제간식 펫레터스틱+칠면조 힘줄S,81830418569.4.jpg
svAp5BM0Q0DyN4jO8zUI0,미들아일랜드 애견간식 강아지 건조간식,84078090138.7.jpg
s4ginCjAvvacNTZYFnyze,"강아지 동결건조간식, 수제간식 닥터맘마 바이츠",82542621146.jpg
sberFUv1h2UHuaA06WT0X,오리도가니,21870610158.1.jpg
sXesQSNOsHtIZ7I3hHNyB,자연방목 흑염소뿔1P 강아지수제간식 염소뿔,84637749866.jpg
s8tcgSV5qgDKIvMSBTdxe,듀먼 건강한입 고구마츄 황태,30089294619.20211214170756.jpg
sMudhFgaxGRsDceOkXg6G,마이펫닥터 강아지 수제간식 오리날개,22594871320.20200423155500.jpg
sUQDyBUvcxkhu7DQwz9VF,미스터쿡 강아지간식 애견간식,82893693843.4.jpg
s8CU8wvPvmya7nxeQU9Tm,저알러지 기능성 개꿀맛 강아지 수제간식 선물세트,81937195691.5.jpg
sibmnTo7RCUmTxHtN77Ak,웁스 닭가슴살 1박스 30개입,82461414514.jpg
slSrl6lcLjnZMRp7bv2rm,아미오 건강담은 사슴육포,26005381523.20210216103534.jpg
sHoQ8t7J6YU1uajlKQuII,마도로스펫 찹스틱 명태살,31798606621.20220413105515.jpg
sNcdXmPbLOVBI7isQGHuH,피에스코리아 미스터 쿡 애견간식 연어 스테이크,82094986755.2.jpg
s8kexswcHPsWze373NYnc,말랑하리 부드러운 강아지 수제간식,82402803459.3.jpg
sWAGkPfbhmEzjP4cJ8wT7,강아지 수제 대형견 간식 소뿔 1개,83512558971.jpg
sc1YpsYlTNgcg6g7A3dv7,강아지 북어 무염 황태채 강아지황태포 강아지북어포,82969813799.jpg
s3CLdFFUQHrWQCP6g7e5l,데크라 아임트릿 226.강아지 영양 간식 애견 가수분해 식이 알러지 스낵,82421809505.3.jpg
s2rSqg4Hyt0DWMNxEWCqJ,시리우스 윌 애견 간식 x 18 코스트코,83407000029.1.jpg
sZln6jmXx8IG8dHVycUaP,강아지수제간식 소우신 반려견 우스틱 대형견 오래먹는간식 소떡심 폭스펫 피즐스틱,83969539337.4.jpg
sjhCedIsiFemCVjEqIpNl,대용량 애견간식 강아지간식 초심 오리고기 스테이크,83242399497.3.jpg
sMK15hACQFQH5WadTjaOT,견점방 카우스틱 소우신 오래먹는 이갈이 소형견 중형견 대형견 강아지개껌 수제개껌,82817766401.3.jpg
sm4bbJyjuqi2cSL1iMnA7,건강한펫 동결건조 치킨 트릿,28390702554.20210811141752.jpg
sIzMus48uzpNRRvkOPQk9,네츄럴코어 강아지 미트스틱 씨푸드스틱 가다랑어 1p,81388716436.2.jpg
sntp5piHI1tCpaa9Cl5Fh,파피앤덕 돼지코 10p 강아지 수제간식 대형견간식,13023286923.40.jpg
sskyvF2wQHQxBu0DsZs35,손질된 오리발,13024630824.1.jpg
sK9Yr1j84U8xa8cWPwQdA,홍두깨살 큐브,25784546033.jpg
sXgB0NHI5aslMG4ZpjB41,자연애 순 오리고기,26380848525.20210316161127.jpg
swj9huzenN8heCZgd9vVn,마도로스펫 단호박트릿 동결건조 간식,21489807372.20191210160203.jpg
svDNma4OnZHIr31bELXht,미스터쿡 강아지 대용량 간식 칭찬 보상 교육 소프트 노즈워크 져키 소 혼합,82723444269.3.jpg
svVNmMbXAa0goVqnuXm7a,"강아지수제간식 스윗비 소고기 에너지스틱 고단백,저칼로리,다이어트용",11888561788.3.jpg
slaLnZj0KJKPzNcPis5P2,칠면조목뼈 강아지수제간식,80421796299.jpg
sGPGevTk3hd0OsjjrwCPH,네츄럴코어 헬로스낵 허브 강아지 애견 져키 간식,11544808048.jpg
sR7jtvyUeZEUU65nwb8mK,네이월 오리도가니 강아지 수제간식 5p,10541412036.4.jpg
sCi7e0W6ResmrL956RUzl,아침애버거 오리 연어 버거 애견간식,34170838098.jpg
sRHgLjcfpFyUw4o52GIXG,"뽀뽀제과 강아지 고양이 간식 동결건조, 껌, 육포 골라담기",83022998208.3.jpg
savv47zfC5fmNL59y2w5r,고구마 코코볼 고양이 강아지 수제간식 저알러지 반려견 노즈워크,83641327385.1.jpg
sKH5m0l8yPX9Ss5ZxBk9Z,네츄럴코어 강아지 미트스틱 씨푸드스틱,83166567579.jpg
s23YYijta5ONv8qBDBzR2,맘쿡 강아지 사사미 간식 맘 치킨 고구마 닭갈비,83786466104.2.jpg
sojtxoqjtATaMWx7iferl,엔조이미트 대용량 강아지 애견 간식 고구마 사사미,82625417566.3.jpg
sBzRbmPmCTQhyhWh51pLn,"강아지멸치 강아지수제간식 ,칼슘풍부 멸치",31440924178.jpg
sHqUcBPDeNj34EtSheXZW,오리세절육 손질 수제간식원료육 애견 강아지 냉동 분쇄육,82047006991.2.jpg
ssVqgYzmU5S80k5KmWKIh,홋가이도푸즈 맥시 비프져키,30991978619.20220218145740.jpg
sYv1ELCxz2fQO9VDboKCD,퍼피프랜드 반려견 강아지간식,82300450686.1.jpg
s8mi0d86Ik0qGLtZFgz1E,퍼피프랜드 그대로닭가슴살애견간식 헬로도기,11074566026.3.jpg
szMDHi9kHpfl8si0hl4Ke,그리니즈 미니 트리트팩 티니 22P,80833904962.jpg
sppiYM0mxZYlYStoysSeG,아미오 유산균 담은 닭가슴살,21629720022.20191231113304.jpg
s3C3WpIml4o2WjBrT1b5p,강아지 노견 눈물자국 고관절 수제간식 육포,82410605690.4.jpg
sqv6rg0Nr9l79UXoxoUZI,오리가슴살 큐브,33196206726.jpg
s2yM8zhEs6VspTekgs1pV,골든스푼 리얼육포 / 송아지갈비/ 오리연골육포/ 포크블리스틱,84602777285.jpg
s35PwPLUQdwplV627Ug05,네츄럴랩 영양가득 리얼 소시지 닭고기 강아지 육포 애견 수제 간식,80974746489.5.jpg
saf8pLmPD04jTshAgF94l,데크라 에피트릿 226.- 강아지 가수분해 저알러지 영양간식,82088019394.2.jpg
s5CB8e5NGYpvYfCPzTBMY,피피픽 견약과 면역력 노견 영양 간식 30개입,23840048316.8.jpg
s1gBPyxzDrUDAB2AJGoNq,아스쿠 모정 소고기 강아지져키 애견간식,84051943500.1.jpg
s8B6oCg3ZG15H9aCJ5OBN,독특 강아지 수제간식 단호박파운드 강아지베이커리,83315956959.1.jpg
svGaCdB3kD4B0SJrn8Vdu,코스트코 애견 간식 네츄럴 코어 천연 오리가슴살,83793717480.jpg
s8WOCdjB831sFfMMoYAvM,오리목뼈+대용량 강아지수제간식,82203000071.2.jpg
sIoeQhpuCQjigO1YPXahX,프롬벳 순수 야채 강아지 야채퓨레,31067275618.20220831142044.jpg
sktGqkU9lUP6i8RKJ9zrG,오리날개 ) 수제간식 애견생식,11078832987.jpg
s3ziPMBoZujW3A1FsYH5G,"오리목뼈 , 해피팡팡 강아지 수제 간식",34127007668.jpg
sZjlRXcXYRmphOmGCdZBO,애견간식 6봉 1세트 무료배송 강아지간식 사은품증정,11164580660.7.jpg
s8buIvN8sbi6p2sjqv5oB,"강아지수제간식 무염황태채 면역력 증진, 강아지계의 인삼",11888526853.3.jpg
s4yMyiwVkmOPVdZ6arCoZ,네이월 오리목뼈 강아지 수제간식,80042777221.jpg
sAdWNzUhp8uZzCjhh7KxZ,강아지 메추리 애견 수제간식 1마리,82991651667.jpg
s9VCPgD6l0fvRKizfICW4,굿데이 건강레시피 반려견 간식,12937774775.3.jpg
sQpwbkA6QStMXwejpZukC,네츄럴펫스낵 연어큐브 강아지 수제간식,29204272619.20211017164909.jpg
sheXZ9RRtt3tSj1yWaQbZ,네츄럴코어 미트스틱,12443697595.2.jpg
snpwdg5O90YtC1puj3cVX,바르다펫 강아지수제간식 부드러운 치킨안심육포 등,83240231136.5.jpg
sB99dBx0fBmwbu8steClK,오간식 강아지김밥 좋은 생일파티간식,82293918140.1.jpg
sij2RTyVmbr4WrTR2oYL1,벨버드 후코이단 애견간식 관절건강,33223628625.20220701122521.jpg
sJCed5IzjsftmJs1wsbMC,강아지 애견 대형견 수제간식 단백질바,83326328219.7.jpg
sNW8bo84ydh9Z7wdzIHjN,오리윙,27286531596.jpg
sCaknWv4xYkawFltyNg63,포켄스 뉴트리션트릿 미니 관절&뼈,82667910852.1.jpg
ssoZURZjINnLgY8z0Q36S,네츄럴펫스낵 오리도가니 강아지 수제간식 3p,29216664619.20211017170450.jpg
sj2FZiv36nnIqSq8bJ7gb,든든하개 강아지 반려견 생고기 우족 자연식 화식,82439839476.jpg
sikP5gDy7FkEYA4LYkBQx,마도로스펫 기호성테스트 채소 /동결건조간식,13554256440.3.jpg
sz88lnQT4kdJx20RrvWu4,소등갈비껌 강아지 수제간식 천연껌,13508355269.jpg
s77WOAx7uaKmHTVGInE5H,강아지생식 강아지간식 만들기 오리안심,82888173321.1.jpg
snkx3RMzeJpVDFP1Bc8gy,아이펫베이크 오리 목뼈 롱바이트 강아지 수제간식,82837237953.2.jpg
s1xxGfF2I6me6rjCBmjiA,펫쉴드 강아지 수제간식 오리 안심 그릴드저키 10개 세트,84569027400.jpg
swRYrLp3YWUlZql6QGsUl,"강아지수제간식 스윗비 닭안심져키 촉촉한 건조, 다이어트용, 훈련용, 칭찬용간식",11713292200.3.jpg
sbFIGBffX9lxGb437BZj2,네츄럴코어 강아지 미트스틱 1p 애견 강아지간식,11239062470.1.jpg
sbflNTBNj3yNdDgJ7guMa,리리펫 오리트릿,29397235620.20211025122422.jpg
sqRO8ZiLqY8lyCd5N0Fiy,오리안심치즈칩 영양언니 강아지간식,83382836017.jpg
srKV2rP1UwlztG7zml2f1,네츄럴코어 치즈춥스 강아지 치즈 간식 10p,83196174006.jpg
sLrOVVXgsIjxLlLUdkkxv,네츄럴펫스낵 양도가니 강아지 수제간식 2P,29191582618.20211011121144.jpg
saShzNlFr2ouAxlkxumrT,네츄럴펫스낵 닭발 강아지 수제간식,29184528618.20211010201355.jpg
sWR7RadUKsrE6hOwdBTfc,"쫄깃 오리가슴살 , 해피팡팡 강아지 수제간식",15733564450.1.jpg
sslYGwUNIhJJVls5EdyN7,네츄럴오 정직하개 닭가슴살,30887772619.20220211093655.jpg
so1DYiTlLc7Q99Tzepjw3,포켄스 뉴트리션 트릿 관절 뼈,10299665766.20200406175124.jpg
swETV24KYeN8IdwPZSy7z,퓨리나 베긴 스트립 베이컨 강아지 개 간식 저키 코스트코,83134904593.9.jpg
sZOLvGltPMgJLie2ESi6f,원더푸드 고구마말랭이 강아지고구마간식,82841744380.1.jpg
s3aOrGVcPJMdrG59UX97p,힐링펫간식 강아지수제간식 오리갈비껌,18471658412.3.jpg
smspATjlZgVhCPZO5xfLg,펫앤샵 동결건조 수제 건강 간식 북어 트릿,31809581935.jpg
swXUriUsVicYFVFmzh0Z2,펫정식 DAY2 유기농 영양 야채 트릿 x 2 강아지간식 미네랄 동결건조 프리미엄,84581918344.1.jpg
sel3BAZ3a1ePAvKcyg8b2,펫앤샵 동결건조 반려견 수제 간식 북어 트릿,31809449802.jpg
sxcS00NHXqznGPHeVf7JL,골라담는 오마이도기 동결건조칩,9921548206.1.jpg
stJsZsAAyfrPwnPtpx7Bs,뽀시래기 강아지 동결건조 간식 북어 큐브 트릿,23923413522.20211021151245.jpg
sW1luTTUUHWp7JtEui26P,"신선한 야채믹스 , 강아지 야채간식",31494457159.1.jpg
sGybjaSXGbJNkqGai9eVp,오리목뼈 강아지 대형견간식 애견뼈간식 대용량,82367050375.jpg
sxPkDutjlCeDofkBX6KbV,"오리연골 , 강아지수제간식",26874099795.jpg
sNtP5A9GsIkBdziuHwF36,미스터쿡 연어 스테이크,80229078735.1.jpg
slzGBbBUJIb6Sq96qypwc,강아지 가수분해 식이알러지 간식 영양제 아임트릿 226.,80362273819.jpg
sD5HrqlAUHkEASvQhJyGO,네이월 돼지등갈비껌,29357390618.20211022095614.jpg
sYCNykKh508S4vW1vah0y,강아지 소간 수제간식 반려견 대용량,82367373698.jpg
seknfLBvftjnGurnMTL8F,위닝푸드 강아지 그릭요거트 반려견 수제간식 유산균 장 건강,83645152920.3.jpg
sjXDIXoNY94SUE29Cxb2n,"강아지수제간식 오리야채스틱 식이섬유,야채가 부족한 아이들을 위해, 다이어트",11713375131.4.jpg
suWOTjxnEcuSn0Y8ixEgz,오리오돌뼈 6p 강아지뼈간식,10390208661.jpg
sGn7GJ2FxAWFb8V7zVS3X,네츄럴 코어 천연 오리가슴살 코스트코 강아지 간식,82370702443.jpg
swnhuvK5euNSGHFeDMGSg,강아지 상차림세트 생일 케이크 파티 명절 2022 무료배송,83332869002.1.jpg
s9ZdAi1iZ2E3kRMtf5OKC,오늘멍밥 멍버거 강아지케이크 강아지햄버거 강아지수제간식,82620399695.7.jpg
s0MUsTeJKFujqiUb6Rnrg,비타크래프트 도그스틱 강아지져키 간식 1P X 5개 혼합맛,82446566515.jpg
sgZnWkPIGuoMHJ6CgUkoK,건강한펫 동결건조 알배기 열빙어,28391326554.20210811151115.jpg
soq31rTnmHNaN5slMnAxc,강아지 수제간식 오리목뼈 대용량 간식 시리즈,81369035832.jpg
sNT24z0Az5iUXWl0hVXIk,네츄럴펫스낵 치석제거 캥거루꼬리 강아지 수제간식,29215465618.20211017165114.jpg
sHu1XspDkgdUEtilTDi2x,아침애 강아지 고양이 동결건조 간식,83439652391.1.jpg
s9Df8bbg7ZGzYc9KTwTgM,오리심장,19052152818.1.jpg
sk739U764SNZAprDSCDtU,대용량 손질된 오리발,26842454433.jpg
sJiMaqdxabted41fMCXdC,강아지 애견 대용량 수제간식 자연산 연어스틱,82362416963.jpg
soo0c5qViwKYRkhHPaE2Q,마도로스펫 치킨트릿 동결건조 간식,12340517872.20170925142438.jpg
sNrbX1slKnXtEoKZiPpSu,리리펫 칠면조트릿,29398372621.20211025144619.jpg
sdcFjYAL8FoBtkwFbBgtm,아미오 건강담은 칠면조육포,26005416523.20210216102717.jpg
sbvoEJPSjm4wuOHE53w9F,강아지 후코이단 수제간식 개껌 강아지황태채 새끼강아지간식 수제천국,82500272609.1.jpg
s9HNmEh1CPQlpjW9nevlO,"제주 말고기육포 ,강아지수제간식 강아지말고기",18849022081.1.jpg
supNzmYYYVf6SpoBUqFo5,미소 옵스틴 시니멀 도그트릿 황태,30086239621.20211214120001.jpg
sLsaDVLN6CTuoizdKKkPm,동해형씨 레토르트 생선 수제간식 골라담기 강아지 고양이 생식 습식 고급 애견 보양식,83779266681.1.jpg
sf0G1cII5bzyCwfUy4piK,츄츄 강아지수제간식 오리연근칩,82748787729.jpg
sywEX1z85NNpma7YAS88S,강아지 수제간식 국내산 프리미엄 수제올리고 펫푸드,82188318556.7.jpg
sPfZcNYN5LVQBcQmzcv9P,양등뼈 수제간식 강아지,80020432840.2.jpg
s1ZbtaLEnyAsv9aqwDxwk,네츄럴펫스낵 소허파 강아지 수제간식,29191903618.20211011125818.jpg
sBmNkYLQ0MzavNmNte9TT,펫쉴드 강아지 수제간식 오리 안심 오돌뼈 10개 세트,84569101907.jpg
snvgv7BxllotTmzqdUkBr,나도주개 용대리 황태 강아지수제간식 순살큐브 대용량,82799389753.jpg
sl1gP5e4VqMQf786zSj2T,아스쿠 맘스큐브 P 명태,30142298619.20211216102540.jpg
shYXqLnaI6ypFfUDd6GY3,후코홀릭 강아지 수제간식 연어와야채,82449637138.3.jpg
sGbHBZRp5BRNHzVUC1i7a,노마웰릿 강아지 장&면역 영양 간식,83443283272.jpg
sxRhiEdrXfVTRsylvCOb3,"강아지수제간식 스윗비 오리목뼈 오래씹어먹는간식, 스트레스해소, 다이어트용",11713271397.3.jpg
sAcvTzHmj0wHdhsnIBmmg,닭가슴살 많이드시개 대용량 국내산 애견 수제간식 닭 1개,30386817804.1.jpg
salWEz3nnsfYKaI21oj3o,강아지 황태 간식 강아지황태채 오리말이,82035208808.jpg
s3S4yXZAPE1VqkohFh4R0,한줌리얼 프리미엄 강아지 간식 모음 퍼피 소형견 초소형견,82675397642.1.jpg
soaT0QtTH2v8a4Mfqv1Nt,강아지 애견 대용량 수제간식 오리날개,82363783795.jpg
stA7zq368gN4SRoj6OJe4,양등뼈,26775337908.jpg
sWQng1RimUpTULlUNQsfJ,펫푸드궁 베지칩스,83256989748.2.jpg
sI8mXOM3y0A6wYrlOAxwS,네츄럴펫스낵 송아지목뼈강아지 수제간식 기호성 건강,12127602174.jpg
sFiyOmczx8OUFlG63upq7,강아지 오리안심 노견간식 반려견수제간식,82035187003.jpg
syKGiFl1wPpwr20JBmKN7,마이펫파티쉐리 산양유요거트 동결건조 트릿 - 하이브리드 45~,82250817048.jpg
sEG5oohvQOseDjcSFAXJ1,마도로스펫 찐고구마 트릿,28256344554.20210802145613.jpg
sypBWFAHu9FpTIz6xRlgC,미음펫 강아지보양식 기력회복 황태국,82172064636.6.jpg
sAxnHLw5UDqvcMGO9hdzS,강아지 수제 간식 스파게티 라면 국수 짜장면 영양식 특식,81385054643.2.jpg
slcM5KFDluvjlcJQGdRBk,네츄럴펫스낵 돼지꼬리뼈 강아지 수제간식,29218541618.20211017171125.jpg
sn2h8Sl1Xv0vFtsSuvZGT,대형견 강아지 치석제거 간식 소우신 우스틱 1개,83471063812.jpg
s6l8IVEeiS69D66LazN9a,"강아지수제간식 스윗비 오리안심져키 무향생제오리, 피부및모질개선, 피를 맑게",11713279067.jpg
sXND1fSwLrKg5z7SzVT5s,건강한펫 동결건조 리코타 치즈,28400996554.20210812095913.jpg
sLRhmrZtJ9tUezsJ2lW0E,지위픽 독간식 소고기,12455426575.1.jpg
smr6vUb5X34TrNaC1AuXe,네이월 눈물해방 소간육포 강아지수제간식,12389023542.2.jpg
saOdASdnNRCizFtGdUFZq,손질 소떡심 양떡 개 강아지 애완견 대형견 껌 수제 간식 소간 양등뼈,83668118556.1.jpg
sOHhAHV1Vc2f4T8kU5rQf,강아지소간 애견 소간간식 국내산,81708983367.2.jpg
sgxXzzCEM5WJzvm2SjYPM,맘쿡 맘치킨 고소한 쌀스틱,30254937623.20211222111553.jpg
sh53W0ZGzR7XqmBEFPZeB,파피앤덕 오리도가니강아지 수제 간식 대형견간식,12948818706.44.jpg
sCUXRnFUWzDRzQXSszjxN,다둥이네를 위한 베지칩스 5봉지,82571800855.1.jpg
sA6ZNxCxKKxZoIHRYc1fY,강아지 닭가슴살 간식 반려견 강아지닭고기 대용량,82367046388.1.jpg
so6E7CQNtplIJvIxaSIfT,후코홀릭 수제간식 후코이단,81204783660.2.jpg
s3uDUUldGh7agQHS7zx3A,헬로도기 참좋은간식 소울대&고기 강아지간식,83070927735.jpg
senwEeIBHe9h3XBAGlan3,강아지 애견 대형견 대용량 수제간식 오리도가니,82363781239.jpg
sCR0dzj5VfEnUjzcVyy5e,포켄스 뉴트리션트릿 관절&뼈 2개묶음,82121671760.1.jpg
scVgBznoKcGfCqJooA9Qk,강아지 애견 대용량 수제간식 우족,82363729881.jpg
sgORPAs5frDYNn0cfZ4vl,맘쿡 맘치킨 습식 슬라이스,30256930620.20211222145937.jpg
shi8EdAmXwwEFvpA2kvV9,후코홀릭 후코이단 강아지 노즈워크 훈련용 수제간식,83703368769.2.jpg
semE01ND5Q6ZU1xmc0WVU,건강레시피 비프야채 반려견을 위한 강아지간식 큐브 노즈워크,12140200949.4.jpg
smWNfrmX7CO0z9IhahobK,강아지특식 강아지영양식 노견간식 열빙어,82244644505.jpg
svSLP60So3IbXwkTTs8iK,웰스비 강아지 수제간식 오리도가니,84728408076.jpg
sWQP3DlmXLc98B6esa9GM,건강한펫 동결건조 뉴 착한북어 트릿,24250266522.20200923150711.jpg
sEAEi4psf1P2shIPHI55m,강아지 수제간식 모음 펫멍까까,82199513394.3.jpg
sF5Y0qTRN2NjU3TjP7Bzr,풀무원건강생활 아미오 헬씨믹스 트릿 눈물 눈물자국,21629779428.20191231101832.jpg
sl9lGc5lIUuw7SdFU243S,아이펫베이크 양 등뼈 강아지 수제간식,80201326679.9.jpg
sv3HlD0czMqgXEP7NATsJ,대용량 강아지 애견 반려견 수제간식 한우 소우신,84311949252.jpg
shoPr6E1PgxOxyuo1wQqP,네츄럴펫스낵 소스지 강아지 수제간식,29204242618.20211017164720.jpg
sms6aVYYqmngB5bbej0pe,코스믹펫 수제간식 모음 국내산 애견 강아지,81972533049.2.jpg
sxnLNfDiiVb9KiAc7JJGV,해피팡팡 무방부제 오리고기 육포,15635166052.20181010114621.jpg
swNbkkxNh781160Ob1H1D,빅브라더 양도가니 2p 대형견간식 수제 강아지뼈간식,80338109109.1.jpg
s4TrIeV3Qu70HEAsPhF23,마시는 비오 스틱 강아지 15p,11357809954.7.jpg
sE2aQP9Wsi8sflurILkHK,네이월 오리황태말이 강아지수제간식 6p 노견 새끼강아지간식,83107681434.jpg
sAa4EQV921iWGUgrETbOw,애견간식 5봉 대용량 강아지간식 껌 육포 사사미,26838516340.2.jpg
sFR7v23iQCQog0MYuwCHy,명견만리 대용량 사사미 육포 져키 강아지 애견간식,80980575686.jpg
sNkiH9KLxfWiUZkLh9jD0,펫모닝 닭가슴살 BOX,11026013734.4.jpg
soRuB09woUvLTcZyZ8IrD,헬로도기 참좋은간식 치킨 연어 당근 큐브,30588994620.20220118143809.jpg
szzvpsyyA4G4js8mMJ1oK,대용량 손질된 닭발,27110089156.jpg
sxiyFo24SvEsn0R2sa0kW,돼지귀 5개,12678270903.1.jpg
sVMpEGX5siwxhdrwHPoCm,손질된 닭발,12678270851.1.jpg
stQB78LqKgmN6EQBlPrf4,코기홀릭 대용량 강아지간식 오리가슴살 고구마,83513987765.6.jpg
s7bWNavt1ffKmdTgs65I2,푸디웜 오리지날 저알러지 기능성 강아지 간식,82442463877.jpg
sENUUfzJJpHYj4PdbK9Sb,다이어트 오리모래집껌강아지 수제간식,10541412035.1.jpg
sN6oBrAZxmE8oCWn4hWfj,맛보기세트 강아지 애견 수제 간식,83622144886.12.jpg
s5zE7jr9BkxYYlECcEcib,내추럴EX 한우불리스틱 미니 초소형,10811695572.4.jpg
sBooEQKYglLwKpO2I01fZ,부명 벨버드 시간순삭 황태큐브,29845467620.20211126150952.jpg
sGqxXmuNEggBle9fw1BDd,츄츄 강아지수제간식 연어큐브 연어져키,83236763256.1.jpg
s7sEX5i2YqPpAGO0XR1mY,펫레터 대용량 강아지 가수분해간식 피쉬콜라겐 미트60 닭고기,83052001432.2.jpg
sqbEqReE1lyMuU8Y01euK,도꾸네 애견생식 국내산 오리날개,82155248972.jpg
syulwhgn8a99dmqKWQ40i,도꾸네 애견생식 국내산 오리안심,82155202239.jpg
s3ZrbnVWmeVH8hC085mPB,원물 100% 치킨트릿 동결건조 고양이 강아지간식,84560823464.jpg
soSEO0IYyCsFLpVOhMeHq,펫츠맘마 국내산 수제간식 무염황태포 -대용량OP/ 황태파우더 드림,82478590534.jpg
s0M6t9EOQdfTXdguHffEF,츄츄 강아지수제간식 말갈비,82748744851.1.jpg
sByCWtt113oopSeWQU4MD,복희네 고구마 강아지간식 달구마 스틱 x 2팩),84334873739.jpg
seCzF0fZ912nuGYQXSkAR,빅브라더 돼지통족발 1P 대형견간식 강아지 수제간식,11634981435.7.jpg
s2FJ4NunJksX9CYLrxoeN,오리안심육포 강아지육포 수제간식 마루세끼,82258079527.jpg
sDtt0XMV7xHmJR1vosnXo,후코홀릭 강아지간식 후코이단 x 3,83405641554.1.jpg
sXHSy3kf1X2VCC8k9D1vK,아르테미스 제스퍼 져키 연어,29502630618.20211102095513.jpg
s3jpHZuhj3JFGJrZcqROL,강아지 수제간식 뼈간식 오리목뼈,82475125866.12.jpg
s3pUPyYny1nDiuFrB5irg,네츄럴코어 강아지간식 올리고칩 고구마 3개,80004944622.14.jpg
